scenario,t,b,p_marg,dp,p_bs,dp_bs,has_boundary,t_star_prob,b_star_prob,t_star_bs,b_star_bs,t_star_drop,b_star_drop,p_star_drop
A_call,0.0,105.43973277655651,0.0,0.0,0.0,0.0,True,0.49609375,103.47451584838741,0.00390625,105.42868407818678,0.00390625,105.42868407818678,1.0
A_call,0.00390625,105.42868407818678,3.7387355433793346e-09,3.7387355433793346e-09,1.0,1.0,True,0.49609375,103.47451584838741,0.00390625,105.42868407818678,0.00390625,105.42868407818678,1.0
A_call,0.0078125,105.41800508118602,8.532853645881744e-09,4.794118102502409e-09,1.0,0.0,True,0.49609375,103.47451584838741,0.00390625,105.42868407818678,0.00390625,105.42868407818678,1.0
A_call,0.01171875,105.40944657239302,1.450247910650404e-08,5.9696254606222965e-09,1.0,0.0,True,0.49609375,103.47451584838741,0.00390625,105.42868407818678,0.00390625,105.42868407818678,1.0
A_call,0.015625,105.40019580145733,2.1895227297896724e-08,7.392748191392684e-09,1.0,0.0,True,0.49609375,103.47451584838741,0.00390625,105.42868407818678,0.00390625,105.42868407818678,1.0
A_call,0.01953125,105.39022276582293,3.0972437836673805e-08,9.07721053877708e-09,1.0,0.0,True,0.49609375,103.47451584838741,0.00390625,105.42868407818678,0.00390625,105.42868407818678,1.0
A_call,0.0234375,105.37954428283517,4.203493486620857e-08,1.1062497029534768e-08,0.9999999999999982,0.0,True,0.49609375,103.47451584838741,0.00390625,105.42868407818678,0.00390625,105.42868407818678,1.0
A_call,0.02734375,105.36831383295429,5.5412950339395195e-08,1.3378015473186622e-08,0.9999999999998299,0.0,True,0.49609375,103.47451584838741,0.00390625,105.42868407818678,0.00390625,105.42868407818678,1.0
A_call,0.03125,105.35722161994173,7.13887574610439e-08,1.59758071216487e-08,0.9999999999946496,0.0,True,0.49609375,103.47451584838741,0.00390625,105.42868407818678,0.00390625,105.42868407818678,1.0
A_call,0.03515625,105.34784622857795,9.0025142562844e-08,1.86363851018001e-08,0.9999999999223055,0.0,True,0.49609375,103.47451584838741,0.00390625,105.42868407818678,0.00390625,105.42868407818678,1.0
A_call,0.0390625,105.33844334111583,1.1191928628306869e-07,2.189414372022469e-08,0.9999999993356958,0.0,True,0.49609375,103.47451584838741,0.00390625,105.42868407818678,0.00390625,105.42868407818678,1.0
A_call,0.04296875,105.32828040648823,1.3770877904661916e-07,2.578949276355047e-08,0.9999999961201009,0.0,True,0.49609375,103.47451584838741,0.00390625,105.42868407818678,0.00390625,105.42868407818678,1.0
A_call,0.046875,105.31736703527184,1.6799159296976285e-07,3.028281392314369e-08,0.9999999829803471,0.0,True,0.49609375,103.47451584838741,0.00390625,105.42868407818678,0.00390625,105.42868407818678,1.0
A_call,0.05078125,105.3058482345449,2.0339198236740685e-07,3.5400389397644005e-08,0.9999999401596431,0.0,True,0.49609375,103.47451584838741,0.00390625,105.42868407818678,0.00390625,105.42868407818678,1.0
A_call,0.0546875,105.2944000863738,2.443224744741457e-07,4.0930492106738825e-08,0.9999998238014194,0.0,True,0.49609375,103.47451584838741,0.00390625,105.42868407818678,0.00390625,105.42868407818678,1.0
A_call,0.05859375,105.28461518991114,2.9051861138995605e-07,4.619613691581037e-08,0.9999995531863666,0.0,True,0.49609375,103.47451584838741,0.00390625,105.42868407818678,0.00390625,105.42868407818678,1.0
A_call,0.0625,105.27493457083324,3.4328271447670033e-07,5.2764103086744285e-08,0.9999989898707228,0.0,True,0.49609375,103.47451584838741,0.00390625,105.42868407818678,0.00390625,105.42868407818678,1.0
A_call,0.06640625,105.26445112178783,4.0405225421036306e-07,6.076953973366273e-08,0.9999979150164902,0.0,True,0.49609375,103.47451584838741,0.00390625,105.42868407818678,0.00390625,105.42868407818678,1.0
A_call,0.0703125,105.25317754204043,4.7396866986737507e-07,6.991641565701201e-08,0.9999960113106938,0.0,True,0.49609375,103.47451584838741,0.00390625,105.42868407818678,0.00390625,105.42868407818678,1.0
A_call,0.07421875,105.24128092590277,5.542347447651252e-07,8.026607489775017e-08,0.9999928472613694,0.0,True,0.49609375,103.47451584838741,0.00390625,105.42868407818678,0.00390625,105.42868407818678,1.0
A_call,0.078125,105.2295447185654,6.455447540965054e-07,9.131000933138012e-08,0.9999878930362235,0.0,True,0.49609375,103.47451584838741,0.00390625,105.42868407818678,0.00390625,105.42868407818678,1.0
A_call,0.08203125,105.21979105959991,7.470782587004621e-07,1.0153350460395671e-07,0.999980615114564,0.0,True,0.49609375,103.47451584838741,0.00390625,105.42868407818678,0.00390625,105.42868407818678,1.0
A_call,0.0859375,105.20972952118028,8.639976337709854e-07,1.169193750705233e-07,0.9999702043431751,0.0,True,0.49609375,103.47451584838741,0.00390625,105.42868407818678,0.00390625,105.42868407818678,1.0
A_call,0.08984375,105.19882661775362,1.0014095694899083e-06,1.3741193571892296e-07,0.9999557310777613,0.0,True,0.49609375,103.47451584838741,0.00390625,105.42868407818678,0.00390625,105.42868407818678,1.0
A_call,0.09375,105.18712063197817,1.1660109714428657e-06,1.6460140195295736e-07,0.9999361616826674,0.0,True,0.49609375,103.47451584838741,0.00390625,105.42868407818678,0.00390625,105.42868407818678,1.0
A_call,0.09765625,105.17489055958933,1.3673313682405208e-06,2.0132039679765512e-07,0.9999104004363321,0.0,True,0.49609375,103.47451584838741,0.00390625,105.42868407818678,0.00390625,105.42868407818678,1.0
A_call,0.1015625,105.16318044055151,1.6167609047101905e-06,2.494295364696697e-07,0.999877565649244,0.0,True,0.49609375,103.47451584838741,0.00390625,105.42868407818678,0.00390625,105.42868407818678,1.0
A_call,0.10546875,105.15349681776652,1.92690655032024e-06,3.101456456100493e-07,0.9998372711959672,0.0,True,0.49609375,103.47451584838741,0.00390625,105.42868407818678,0.00390625,105.42868407818678,1.0
A_call,0.109375,105.14296308664599,2.3346202201457444e-06,4.077136698255046e-07,0.9997874931686641,0.0,True,0.49609375,103.47451584838741,0.00390625,105.42868407818678,0.00390625,105.42868407818678,1.0
A_call,0.11328125,105.1315640898015,2.8801900897601485e-06,5.45569869614404e-07,0.9997268325183355,0.0,True,0.49609375,103.47451584838741,0.00390625,105.42868407818678,0.00390625,105.42868407818678,1.0
A_call,0.1171875,105.1194042715531,3.6176236394291905e-06,7.374335496690421e-07,0.9996538966643868,0.0,True,0.49609375,103.47451584838741,0.00390625,105.42868407818678,0.00390625,105.42868407818678,1.0
A_call,0.12109375,105.10704917132519,4.612287877403531e-06,9.946642379743409e-07,0.999567733968845,0.0,True,0.49609375,103.47451584838741,0.00390625,105.42868407818678,0.00390625,105.42868407818678,1.0
A_call,0.125,105.09602844520498,5.925074228918525e-06,1.312786351514994e-06,0.9994688816736665,0.0,True,0.49609375,103.47451584838741,0.00390625,105.42868407818678,0.00390625,105.42868407818678,1.0
A_call,0.12890625,105.08579962898006,7.651695109522905e-06,1.7266208806043792e-06,0.9993563310354504,0.0,True,0.49609375,103.47451584838741,0.00390625,105.42868407818678,0.00390625,105.42868407818678,1.0
A_call,0.1328125,105.07467372249239,9.949020528865482e-06,2.2973254193425774e-06,0.9992269725987439,0.0,True,0.49609375,103.47451584838741,0.00390625,105.42868407818678,0.00390625,105.42868407818678,1.0
A_call,0.13671875,105.06266481956021,1.2983954267076214e-05,3.034933738210732e-06,0.9990793170978124,0.0,True,0.49609375,103.47451584838741,0.00390625,105.42868407818678,0.00390625,105.42868407818678,1.0
A_call,0.140625,105.04997514655626,1.6950970110563013e-05,3.967015843486799e-06,0.9989122350893336,0.0,True,0.49609375,103.47451584838741,0.00390625,105.42868407818678,0.00390625,105.42868407818678,1.0
A_call,0.14453125,105.0375584096133,2.2023285570771378e-05,5.072315460208365e-06,0.9987266023477346,0.0,True,0.49609375,103.47451584838741,0.00390625,105.42868407818678,0.00390625,105.42868407818678,1.0
A_call,0.1484375,105.02755389637181,2.8238602133745516e-05,6.215316562974138e-06,0.9985277146043507,0.0,True,0.49609375,103.47451584838741,0.00390625,105.42868407818678,0.00390625,105.42868407818678,1.0
A_call,0.15234375,105.01664428345224,3.6072147507448804e-05,7.833545373703288e-06,0.9983071382298265,0.0,True,0.49609375,103.47451584838741,0.00390625,105.42868407818678,0.00390625,105.42868407818678,1.0
A_call,0.15625,105.0048145162963,4.587302816783101e-05,9.800880660382205e-06,0.9980633909218575,0.0,True,0.49609375,103.47451584838741,0.00390625,105.42868407818678,0.00390625,105.42868407818678,1.0
A_call,0.16015625,104.99218637846239,5.80253070234793e-05,1.215227885564829e-05,0.9977954380307086,0.0,True,0.49609375,103.47451584838741,0.00390625,105.42868407818678,0.00390625,105.42868407818678,1.0
A_call,0.1640625,104.97941993242824,7.283974674665572e-05,1.481443972317642e-05,0.9975046410421653,0.0,True,0.49609375,103.47451584838741,0.00390625,105.42868407818678,0.00390625,105.42868407818678,1.0
A_call,0.16796875,104.96817507118583,9.029798640203257e-05,1.745823965537685e-05,0.9971980292761582,0.0,True,0.49609375,103.47451584838741,0.00390625,105.42868407818678,0.00390625,105.42868407818678,1.0
A_call,0.171875,104.95733564095698,0.00011094036114422945,2.064237474219688e-05,0.9968715957040559,0.0,True,0.49609375,103.47451584838741,0.00390625,105.42868407818678,0.00390625,105.42868407818678,1.0
A_call,0.17578125,104.94553583001685,0.000135639962174805,2.4699601030575558e-05,0.9965182150227896,0.0,True,0.49609375,103.47451584838741,0.00390625,105.42868407818678,0.00390625,105.42868407818678,1.0
A_call,0.1796875,104.93284511091016,0.00016501487010667226,2.9374907931867256e-05,0.9961368337132643,0.0,True,0.49609375,103.47451584838741,0.00390625,105.42868407818678,0.00390625,105.42868407818678,1.0
A_call,0.18359375,104.91972844610996,0.00019952602377637518,3.451115366970292e-05,0.9957290139857922,0.0,True,0.49609375,103.47451584838741,0.00390625,105.42868407818678,0.00390625,105.42868407818678,1.0
A_call,0.1875,104.90754398492743,0.00023896740307705056,3.944137930067537e-05,0.9953033896212393,0.0,True,0.49609375,103.47451584838741,0.00390625,105.42868407818678,0.00390625,105.42868407818678,1.0
A_call,0.19140625,104.89661107589507,0.00028337967409552967,4.441227101847911e-05,0.9948636749228943,0.0,True,0.49609375,103.47451584838741,0.00390625,105.42868407818678,0.00390625,105.42868407818678,1.0
A_call,0.1953125,104.88467072895827,0.00033482233380954796,5.144265971401829e-05,0.9943939249940958,0.0,True,0.49609375,103.47451584838741,0.00390625,105.42868407818678,0.00390625,105.42868407818678,1.0
A_call,0.19921875,104.87176643515126,0.0003941725318863387,5.935019807679076e-05,0.9938930053650623,0.0,True,0.49609375,103.47451584838741,0.00390625,105.42868407818678,0.00390625,105.42868407818678,1.0
A_call,0.203125,104.85827941396778,0.00046199426676474253,6.782173487840382e-05,0.993362864464526,0.0,True,0.49609375,103.47451584838741,0.00390625,105.42868407818678,0.00390625,105.42868407818678,1.0
A_call,0.20703125,104.84546694567831,0.0005375615104786791,7.556724371393653e-05,0.9928146826423312,0.0,True,0.49609375,103.47451584838741,0.00390625,105.42868407818678,0.00390625,105.42868407818678,1.0
A_call,0.2109375,104.8342775643654,0.0006197838512219667,8.22223407432876e-05,0.9922593857331072,0.0,True,0.49609375,103.47451584838741,0.00390625,105.42868407818678,0.00390625,105.42868407818678,1.0
A_call,0.21484375,104.82202781654448,0.0007128320333833482,9.304818216138155e-05,0.991671181632112,0.0,True,0.49609375,103.47451584838741,0.00390625,105.42868407818678,0.00390625,105.42868407818678,1.0
A_call,0.21875,104.80876312850013,0.0008178333811778016,0.00010500134779445336,0.9910489830473466,0.0,True,0.49609375,103.47451584838741,0.00390625,105.42868407818678,0.00390625,105.42868407818678,1.0
A_call,0.22265625,104.79490277624222,0.0009352043956244449,0.00011737101444664333,0.9903962088991898,0.0,True,0.49609375,103.47451584838741,0.00390625,105.42868407818678,0.00390625,105.42868407818678,1.0
A_call,0.2265625,104.78178995133847,0.0010628992831892559,0.00012769488756481095,0.9897288760504372,0.0,True,0.49609375,103.47451584838741,0.00390625,105.42868407818678,0.00390625,105.42868407818678,1.0
A_call,0.23046875,104.7701953540553,0.001199025439579282,0.00013612615639002623,0.989058785470219,0.0,True,0.49609375,103.47451584838741,0.00390625,105.42868407818678,0.00390625,105.42868407818678,1.0
A_call,0.234375,104.7574851097102,0.0013505183358050177,0.00015149289622573558,0.9883527872649647,0.0,True,0.49609375,103.47451584838741,0.00390625,105.42868407818678,0.00390625,105.42868407818678,1.0
A_call,0.23828125,104.74373573354276,0.0015186637157705851,0.00016814537996556744,0.9876102452379573,0.0,True,0.49609375,103.47451584838741,0.00390625,105.42868407818678,0.00390625,105.42868407818678,1.0
A_call,0.2421875,104.72952852019657,0.001703021954023165,0.0001843582382525799,0.9868382557139603,0.0,True,0.49609375,103.47451584838741,0.00390625,105.42868407818678,0.00390625,105.42868407818678,1.0
A_call,0.24609375,104.71648993818697,0.0018984897141445245,0.00019546776012135947,0.9860618233816802,0.0,True,0.49609375,103.47451584838741,0.00390625,105.42868407818678,0.00390625,105.42868407818678,1.0
A_call,0.25,104.70435983210807,0.0021055717006069896,0.00020708198646246512,0.9852793165145708,0.0,True,0.49609375,103.47451584838741,0.00390625,105.42868407818678,0.00390625,105.42868407818678,1.0
A_call,0.25390625,104.6910614698433,0.00233323644432204,0.0002276647437150503,0.9844576144380108,0.0,True,0.49609375,103.47451584838741,0.00390625,105.42868407818678,0.00390625,105.42868407818678,1.0
A_call,0.2578125,104.6767325912071,0.00258267102799814,0.0002494345836761003,0.9835972611301821,0.0,True,0.49609375,103.47451584838741,0.00390625,105.42868407818678,0.00390625,105.42868407818678,1.0
A_call,0.26171875,104.6622334416482,0.0028511121246372895,0.0002684410966391493,0.9827123475423398,0.0,True,0.49609375,103.47451584838741,0.00390625,105.42868407818678,0.00390625,105.42868407818678,1.0
A_call,0.265625,104.64968523915928,0.00312711524672149,0.00027600312208420075,0.9818432044151634,0.0,True,0.49609375,103.47451584838741,0.00390625,105.42868407818678,0.00390625,105.42868407818678,1.0
A_call,0.26953125,104.63691400410607,0.003422152149136437,0.00029503690241494684,0.9809514074007105,0.0,True,0.49609375,103.47451584838741,0.00390625,105.42868407818678,0.00390625,105.42868407818678,1.0
A_call,0.2734375,104.62295625717577,0.003743400789629092,0.0003212486404926551,0.9800174001143246,0.0,True,0.49609375,103.47451584838741,0.00390625,105.42868407818678,0.00390625,105.42868407818678,1.0
A_call,0.27734375,104.60813697509589,0.004090702211243968,0.0003473014216148762,0.979046031706697,0.0,True,0.49609375,103.47451584838741,0.00390625,105.42868407818678,0.00390625,105.42868407818678,1.0
A_call,0.28125,104.59375654995671,0.004455851215398154,0.00036514900415418605,0.9780641219771353,0.0,True,0.49609375,103.47451584838741,0.00390625,105.42868407818678,0.00390625,105.42868407818678,1.0
A_call,0.28515625,104.5814702522299,0.004825034523446847,0.0003691833080486928,0.977109916153593,0.0,True,0.49609375,103.47451584838741,0.00390625,105.42868407818678,0.00390625,105.42868407818678,1.0
A_call,0.2890625,104.5679459284736,0.00522446523668274,0.0003994307132358932,0.9761114638164969,0.0,True,0.49609375,103.47451584838741,0.00390625,105.42868407818678,0.00390625,105.42868407818678,1.0
A_call,0.29296875,104.55328863317554,0.0056555430149238806,0.00043107777824114013,0.9750692126214455,0.0,True,0.49609375,103.47451584838741,0.00390625,105.42868407818678,0.00390625,105.42868407818678,1.0
A_call,0.296875,104.53826544313497,0.006113009005810466,0.00045746599088658524,0.9739999352576294,0.0,True,0.49609375,103.47451584838741,0.00390625,105.42868407818678,0.00390625,105.42868407818678,1.0
A_call,0.30078125,104.52485153908168,0.006577117771234375,0.00046410876542390955,0.9729526841632621,0.0,True,0.49609375,103.47451584838741,0.00390625,105.42868407818678,0.00390625,105.42868407818678,1.0
A_call,0.3046875,104.51166565171305,0.00706063520394129,0.0004835174327069147,0.9718956556245941,0.0,True,0.49609375,103.47451584838741,0.00390625,105.42868407818678,0.00390625,105.42868407818678,1.0
A_call,0.30859375,104.49722245489644,0.007580842873313509,0.0005202076693722191,0.9707906612280935,0.0,True,0.49609375,103.47451584838741,0.00390625,105.42868407818678,0.00390625,105.42868407818678,1.0
A_call,0.3125,104.48189705879354,0.008135774987222177,0.0005549321139086683,0.9696457125190294,0.0,True,0.49609375,103.47451584838741,0.00390625,105.42868407818678,0.00390625,105.42868407818678,1.0
A_call,0.31640625,104.46707510952292,0.00870931813255249,0.000573543145330313,0.9684977624022886,0.0,True,0.49609375,103.47451584838741,0.00390625,105.42868407818678,0.00390625,105.42868407818678,1.0
A_call,0.3203125,104.45405250331926,0.009282811438188654,0.0005734933056361635,0.9673849269191974,0.0,True,0.49609375,103.47451584838741,0.00390625,105.42868407818678,0.00390625,105.42868407818678,1.0
A_call,0.32421875,104.43968186115916,0.00989829820077115,0.0006154867625824956,0.9662199963718351,0.0,True,0.49609375,103.47451584838741,0.00390625,105.42868407818678,0.00390625,105.42868407818678,1.0
A_call,0.328125,104.42412470005166,0.010556331421945009,0.0006580332211738593,0.9650054983724385,0.0,True,0.49609375,103.47451584838741,0.00390625,105.42868407818678,0.00390625,105.42868407818678,1.0
A_call,0.33203125,104.40843623796367,0.011242863841966155,0.0006865324200211465,0.9637714208613996,0.0,True,0.49609375,103.47451584838741,0.00390625,105.42868407818678,0.00390625,105.42868407818678,1.0
A_call,0.3359375,104.39490064795095,0.01192013458894814,0.0006772707469819839,0.9625886308440592,0.0,True,0.49609375,103.47451584838741,0.00390625,105.42868407818678,0.00390625,105.42868407818678,1.0
A_call,0.33984375,104.38039932632337,0.012637888538784336,0.0007177539498361973,0.9613631705172736,0.0,True,0.49609375,103.47451584838741,0.00390625,105.42868407818678,0.00390625,105.42868407818678,1.0
A_call,0.34375,104.36458677916012,0.01340471445945024,0.0007668259206659034,0.9600824104360449,0.0,True,0.49609375,103.47451584838741,0.00390625,105.42868407818678,0.00390625,105.42868407818678,1.0
A_call,0.34765625,104.34837416811447,0.014206448590110776,0.0008017341306605363,0.9587741240791701,0.0,True,0.49609375,103.47451584838741,0.00390625,105.42868407818678,0.00390625,105.42868407818678,1.0
A_call,0.3515625,104.33384090973983,0.015002729646543145,0.0007962810564323686,0.9575077344359048,0.0,True,0.49609375,103.47451584838741,0.00390625,105.42868407818678,0.00390625,105.42868407818678,1.0
A_call,0.35546875,104.31891373119734,0.015832439111618024,0.0008297094650748793,0.9562159409283216,0.0,True,0.49609375,103.47451584838741,0.00390625,105.42868407818678,0.00390625,105.42868407818678,1.0
A_call,0.359375,104.30255800944259,0.016718849599030916,0.000886410487412892,0.9548622987775528,0.0,True,0.49609375,103.47451584838741,0.00390625,105.42868407818678,0.00390625,105.42868407818678,1.0
A_call,0.36328125,104.28570832760795,0.017644660070788465,0.0009258104717575488,0.9534775629229832,0.0,True,0.49609375,103.47451584838741,0.00390625,105.42868407818678,0.00390625,105.42868407818678,1.0
A_call,0.3671875,104.27052638631748,0.018560697657475256,0.0009160375866867909,0.9521393466224681,0.0,True,0.49609375,103.47451584838741,0.00390625,105.42868407818678,0.00390625,105.42868407818678,1.0
A_call,0.37109375,104.25486087876082,0.019514619525699217,0.0009539218682239614,0.950772038616837,0.0,True,0.49609375,103.47451584838741,0.00390625,105.42868407818678,0.00390625,105.42868407818678,1.0
A_call,0.375,104.23766265166013,0.0205339680494927,0.001019348523793484,0.9493357855569681,0.0,True,0.49609375,103.47451584838741,0.00390625,105.42868407818678,0.00390625,105.42868407818678,1.0
A_call,0.37890625,104.22008107119377,0.021592947863678047,0.0010589798141853457,0.9478717455229044,0.0,True,0.49609375,103.47451584838741,0.00390625,105.42868407818678,0.00390625,105.42868407818678,1.0
A_call,0.3828125,104.20467246798701,0.022623522081039238,0.001030574217361191,0.9464786273035276,0.0,True,0.49609375,103.47451584838741,0.00390625,105.42868407818678,0.00390625,105.42868407818678,1.0
A_call,0.38671875,104.18799334098158,0.023715653075567222,0.0010921309945279845,0.9450253042834769,0.0,True,0.49609375,103.47451584838741,0.00390625,105.42868407818678,0.00390625,105.42868407818678,1.0
A_call,0.390625,104.16991665134266,0.024876440794464716,0.0011607877188974935,0.9435046137840943,0.0,True,0.49609375,103.47451584838741,0.00390625,105.42868407818678,0.00390625,105.42868407818678,1.0
A_call,0.39453125,104.15206009266934,0.02606149565807836,0.0011850548636136438,0.9419799954291669,0.0,True,0.49609375,103.47451584838741,0.00390625,105.42868407818678,0.00390625,105.42868407818678,1.0
A_call,0.3984375,104.1358833497136,0.027224970736688503,0.0011634750786101433,0.9405125402579395,0.0,True,0.49609375,103.47451584838741,0.00390625,105.42868407818678,0.00390625,105.42868407818678,1.0
A_call,0.40234375,104.11784860057688,0.0284743243647696,0.0012493536280810957,0.9389573940954896,0.0,True,0.49609375,103.47451584838741,0.00390625,105.42868407818678,0.00390625,105.42868407818678,1.0
A_call,0.40625,104.09889907174158,0.029783930357670907,0.0013096059929013082,0.9373515033767438,0.0,True,0.49609375,103.47451584838741,0.00390625,105.42868407818678,0.00390625,105.42868407818678,1.0
A_call,0.41015625,104.08147534692222,0.031073683854249357,0.0012897534965784496,0.9357989683465314,0.0,True,0.49609375,103.47451584838741,0.00390625,105.42868407818678,0.00390625,105.42868407818678,1.0
A_call,0.4140625,104.06355226347198,0.032409345984349525,0.001335662130100168,0.9342142005347551,0.0,True,0.49609375,103.47451584838741,0.00390625,105.42868407818678,0.00390625,105.42868407818678,1.0
A_call,0.41796875,104.04403841498889,0.033831384480343396,0.0014220384959938714,0.9325480353558577,0.0,True,0.49609375,103.47451584838741,0.00390625,105.42868407818678,0.00390625,105.42868407818678,1.0
A_call,0.421875,104.0247667127374,0.03527673751964411,0.001445353039300712,0.9308804835880355,0.0,True,0.49609375,103.47451584838741,0.00390625,105.42868407818678,0.00390625,105.42868407818678,1.0
A_call,0.42578125,104.00657967060265,0.03671227450933978,0.0014355369896956738,0.9292509179132248,0.0,True,0.49609375,103.47451584838741,0.00390625,105.42868407818678,0.00390625,105.42868407818678,1.0
A_call,0.4296875,103.98630725045206,0.03825825453155307,0.0015459800222132891,0.9275146249819946,0.0,True,0.49609375,103.47451584838741,0.00390625,105.42868407818678,0.00390625,105.42868407818678,1.0
A_call,0.43359375,103.96551286721173,0.03985825540285248,0.0016000008712994118,0.9257414831896487,0.0,True,0.49609375,103.47451584838741,0.00390625,105.42868407818678,0.00390625,105.42868407818678,1.0
A_call,0.4375,103.94647616189616,0.041419373272061355,0.0015611178692088723,0.9240395950574518,0.0,True,0.49609375,103.47451584838741,0.00390625,105.42868407818678,0.00390625,105.42868407818678,1.0
A_call,0.44140625,103.92504003487083,0.043111946929373035,0.00169257365731168,0.922211689873029,0.0,True,0.49609375,103.47451584838741,0.00390625,105.42868407818678,0.00390625,105.42868407818678,1.0
A_call,0.4453125,103.90281433638475,0.04487352943690093,0.0017615825075278924,0.9203323088084602,0.0,True,0.49609375,103.47451584838741,0.00390625,105.42868407818678,0.00390625,105.42868407818678,1.0
A_call,0.44921875,103.88199035602939,0.04660827887029351,0.0017347494333925795,0.9185091185894149,0.0,True,0.49609375,103.47451584838741,0.00390625,105.42868407818678,0.00390625,105.42868407818678,1.0
A_call,0.453125,103.8586572148291,0.04849069005593831,0.0018824111856448056,0.9165483499463611,0.0,True,0.49609375,103.47451584838741,0.00390625,105.42868407818678,0.00390625,105.42868407818678,1.0
A_call,0.45703125,103.83471054782129,0.05043985677035834,0.0019491667144200253,0.9145420213962951,0.0,True,0.49609375,103.47451584838741,0.00390625,105.42868407818678,0.00390625,105.42868407818678,1.0
A_call,0.4609375,103.8105098309178,0.0524401615860296,0.002000304815671261,0.9125078407412297,0.0,True,0.49609375,103.47451584838741,0.00390625,105.42868407818678,0.00390625,105.42868407818678,1.0
A_call,0.46484375,103.78399124309162,0.054594805727475104,0.0021546441414455053,0.910337354147096,0.0,True,0.49609375,103.47451584838741,0.00390625,105.42868407818678,0.00390625,105.42868407818678,1.0
A_call,0.46875,103.75768232270576,0.05678314180583377,0.002188336078358666,0.9081604421352513,0.0,True,0.49609375,103.47451584838741,0.00390625,105.42868407818678,0.00390625,105.42868407818678,1.0
A_call,0.47265625,103.72862249567575,0.0591592315165792,0.0023760897107454326,0.9058181352322885,0.0,True,0.49609375,103.47451584838741,0.00390625,105.42868407818678,0.00390625,105.42868407818678,1.0
A_call,0.4765625,103.69824687563825,0.061656632944022016,0.0024974014274428136,0.9033831091020812,0.0,True,0.49609375,103.47451584838741,0.00390625,105.42868407818678,0.00390625,105.42868407818678,1.0
A_call,0.48046875,103.66512560773127,0.06435995164587405,0.002703318701852031,0.9007730065812881,0.0,True,0.49609375,103.47451584838741,0.00390625,105.42868407818678,0.00390625,105.42868407818678,1.0
A_call,0.484375,103.62944558319485,0.06727070999389406,0.002910758348020015,0.897991787777036,0.0,True,0.49609375,103.47451584838741,0.00390625,105.42868407818678,0.00390625,105.42868407818678,1.0
A_call,0.48828125,103.58917175539014,0.0705210748809999,0.003250364887105839,0.8949156681017334,0.0,True,0.49609375,103.47451584838741,0.00390625,105.42868407818678,0.00390625,105.42868407818678,1.0
A_call,0.4921875,103.54436081548656,0.07413202890371928,0.0036109540227193815,0.8915345774638532,0.0,True,0.49609375,103.47451584838741,0.00390625,105.42868407818678,0.00390625,105.42868407818678,1.0
A_call,0.49609375,103.47451584838741,0.07943490032897249,0.005302871425253208,0.8865990825934806,0.0,True,0.49609375,103.47451584838741,0.00390625,105.42868407818678,0.00390625,105.42868407818678,1.0
B_call,0.0,131.80177593829904,0.0,0.0,0.0,0.0,True,0.1,100.34063642626485,0.1,100.34063642626485,0.0038461538461538464,131.79996604503046,1.0
B_call,0.0038461538461538464,131.79996604503046,0.0,0.0,1.0,1.0,True,0.1,100.34063642626485,0.1,100.34063642626485,0.0038461538461538464,131.79996604503046,1.0
B_call,0.007692307692307693,131.79808315805855,0.0,0.0,1.0,0.0,True,0.1,100.34063642626485,0.1,100.34063642626485,0.0038461538461538464,131.79996604503046,1.0
B_call,0.011538461538461539,131.79612164730796,0.0,0.0,1.0,0.0,True,0.1,100.34063642626485,0.1,100.34063642626485,0.0038461538461538464,131.79996604503046,1.0
B_call,0.015384615384615385,131.79407523009135,0.0,0.0,1.0,0.0,True,0.1,100.34063642626485,0.1,100.34063642626485,0.0038461538461538464,131.79996604503046,1.0
B_call,0.019230769230769232,131.79193686919749,0.0,0.0,1.0,0.0,True,0.1,100.34063642626485,0.1,100.34063642626485,0.0038461538461538464,131.79996604503046,1.0
B_call,0.023076923076923078,131.78969865104762,0.0,0.0,1.0,0.0,True,0.1,100.34063642626485,0.1,100.34063642626485,0.0038461538461538464,131.79996604503046,1.0
B_call,0.026923076923076925,131.78735163938015,0.0,0.0,1.0,0.0,True,0.1,100.34063642626485,0.1,100.34063642626485,0.0038461538461538464,131.79996604503046,1.0
B_call,0.03076923076923077,131.78488569885334,0.0,0.0,1.0,0.0,True,0.1,100.34063642626485,0.1,100.34063642626485,0.0038461538461538464,131.79996604503046,1.0
B_call,0.03461538461538462,131.78228928170364,0.0,0.0,1.0,0.0,True,0.1,100.34063642626485,0.1,100.34063642626485,0.0038461538461538464,131.79996604503046,1.0
B_call,0.038461538461538464,131.77954916936895,0.0,0.0,1.0,0.0,True,0.1,100.34063642626485,0.1,100.34063642626485,0.0038461538461538464,131.79996604503046,1.0
B_call,0.04230769230769231,131.7766501600663,0.0,0.0,1.0,0.0,True,0.1,100.34063642626485,0.1,100.34063642626485,0.0038461538461538464,131.79996604503046,1.0
B_call,0.046153846153846156,131.7735746937096,0.0,0.0,1.0,0.0,True,0.1,100.34063642626485,0.1,100.34063642626485,0.0038461538461538464,131.79996604503046,1.0
B_call,0.05,131.7703024098626,0.0,0.0,1.0,0.0,True,0.1,100.34063642626485,0.1,100.34063642626485,0.0038461538461538464,131.79996604503046,1.0
B_call,0.05384615384615385,131.76680964894172,0.0,0.0,1.0,0.0,True,0.1,100.34063642626485,0.1,100.34063642626485,0.0038461538461538464,131.79996604503046,1.0
B_call,0.05769230769230769,131.76306894805742,0.0,0.0,1.0,0.0,True,0.1,100.34063642626485,0.1,100.34063642626485,0.0038461538461538464,131.79996604503046,1.0
B_call,0.06153846153846154,131.75904869669404,0.0,0.0,1.0,0.0,True,0.1,100.34063642626485,0.1,100.34063642626485,0.0038461538461538464,131.79996604503046,1.0
B_call,0.06538461538461539,131.75471344040943,0.0,0.0,1.0,0.0,True,0.1,100.34063642626485,0.1,100.34063642626485,0.0038461538461538464,131.79996604503046,1.0
B_call,0.06923076923076923,131.75002631346382,0.0,0.0,1.0,0.0,True,0.1,100.34063642626485,0.1,100.34063642626485,0.0038461538461538464,131.79996604503046,1.0
B_call,0.07307692307692308,131.7449585825251,0.0,0.0,1.0,0.0,True,0.1,100.34063642626485,0.1,100.34063642626485,0.0038461538461538464,131.79996604503046,1.0
B_call,0.07692307692307693,131.73952704783215,0.0,0.0,1.0,0.0,True,0.1,100.34063642626485,0.1,100.34063642626485,0.0038461538461538464,131.79996604503046,1.0
B_call,0.08076923076923077,131.73399512156186,0.0,0.0,1.0,0.0,True,0.1,100.34063642626485,0.1,100.34063642626485,0.0038461538461538464,131.79996604503046,1.0
B_call,0.08461538461538462,131.72373243238877,0.0,0.0,1.0,0.0,True,0.1,100.34063642626485,0.1,100.34063642626485,0.0038461538461538464,131.79996604503046,1.0
B_call,0.08846153846153847,131.70934049606555,0.0,0.0,1.0,0.0,True,0.1,100.34063642626485,0.1,100.34063642626485,0.0038461538461538464,131.79996604503046,1.0
B_call,0.09230769230769231,131.68989747678273,0.0,0.0,1.0,0.0,True,0.1,100.34063642626485,0.1,100.34063642626485,0.0038461538461538464,131.79996604503046,1.0
B_call,0.09615384615384616,131.6618270102736,0.0,0.0,1.0,0.0,True,0.1,100.34063642626485,0.1,100.34063642626485,0.0038461538461538464,131.79996604503046,1.0
B_call,0.1,100.34063642626485,0.11681085411985237,0.11681085411985237,0.588843011477864,0.0,True,0.1,100.34063642626485,0.1,100.34063642626485,0.0038461538461538464,131.79996604503046,1.0
B_call,0.10394736842105264,131.81228426637585,0.0,0.0,1.0,0.411156988522136,True,0.1,100.34063642626485,0.1,100.34063642626485,0.0038461538461538464,131.79996604503046,1.0
B_call,0.10789473684210527,131.81114901531447,0.0,0.0,1.0,0.0,True,0.1,100.34063642626485,0.1,100.34063642626485,0.0038461538461538464,131.79996604503046,1.0
B_call,0.1118421052631579,131.80985102696008,0.0,0.0,1.0,0.0,True,0.1,100.34063642626485,0.1,100.34063642626485,0.0038461538461538464,131.79996604503046,1.0
B_call,0.11578947368421053,131.80851487214701,0.0,0.0,1.0,0.0,True,0.1,100.34063642626485,0.1,100.34063642626485,0.0038461538461538464,131.79996604503046,1.0
B_call,0.11973684210526317,131.80713840397775,0.0,0.0,1.0,0.0,True,0.1,100.34063642626485,0.1,100.34063642626485,0.0038461538461538464,131.79996604503046,1.0
B_call,0.12368421052631579,131.80571929489284,0.0,0.0,1.0,0.0,True,0.1,100.34063642626485,0.1,100.34063642626485,0.0038461538461538464,131.79996604503046,1.0
B_call,0.12763157894736843,131.8042550161963,5.551115123125783e-16,5.551115123125783e-16,1.0,0.0,True,0.1,100.34063642626485,0.1,100.34063642626485,0.0038461538461538464,131.79996604503046,1.0
B_call,0.13157894736842105,131.80274281464415,0.0,0.0,1.0,0.0,True,0.1,100.34063642626485,0.1,100.34063642626485,0.0038461538461538464,131.79996604503046,1.0
B_call,0.1355263157894737,131.80117968557957,1.7763568394002505e-15,1.7763568394002505e-15,1.0,0.0,True,0.1,100.34063642626485,0.1,100.34063642626485,0.0038461538461538464,131.79996604503046,1.0
B_call,0.1394736842105263,131.79956234200233,6.661338147750939e-16,0.0,1.0,0.0,True,0.1,100.34063642626485,0.1,100.34063642626485,0.0038461538461538464,131.79996604503046,1.0
B_call,0.14342105263157895,131.79788717882974,0.0,0.0,1.0,0.0,True,0.1,100.34063642626485,0.1,100.34063642626485,0.0038461538461538464,131.79996604503046,1.0
B_call,0.1473684210526316,131.79615023144495,1.4432899320127035e-15,1.4432899320127035e-15,1.0,0.0,True,0.1,100.34063642626485,0.1,100.34063642626485,0.0038461538461538464,131.79996604503046,1.0
B_call,0.1513157894736842,131.79434712743927,1.4432899320127035e-15,0.0,1.0,0.0,True,0.1,100.34063642626485,0.1,100.34063642626485,0.0038461538461538464,131.79996604503046,1.0
B_call,0.15526315789473685,131.79247303021742,0.0,0.0,1.0,0.0,True,0.1,100.34063642626485,0.1,100.34063642626485,0.0038461538461538464,131.79996604503046,1.0
B_call,0.15921052631578947,131.79052257282683,7.771561172376096e-16,7.771561172376096e-16,1.0,0.0,True,0.1,100.34063642626485,0.1,100.34063642626485,0.0038461538461538464,131.79996604503046,1.0
B_call,0.1631578947368421,131.78848978004012,1.1102230246251565e-16,0.0,1.0,0.0,True,0.1,100.34063642626485,0.1,100.34063642626485,0.0038461538461538464,131.79996604503046,1.0
B_call,0.16710526315789476,131.78636797625978,0.0,0.0,1.0,0.0,True,0.1,100.34063642626485,0.1,100.34063642626485,0.0038461538461538464,131.79996604503046,1.0
B_call,0.17105263157894737,131.7841496763271,0.0,0.0,1.0,0.0,True,0.1,100.34063642626485,0.1,100.34063642626485,0.0038461538461538464,131.79996604503046,1.0
B_call,0.175,131.78182645574083,0.0,0.0,1.0,0.0,True,0.1,100.34063642626485,0.1,100.34063642626485,0.0038461538461538464,131.79996604503046,1.0
B_call,0.17894736842105263,131.77938879622067,0.0,0.0,1.0,0.0,True,0.1,100.34063642626485,0.1,100.34063642626485,0.0038461538461538464,131.79996604503046,1.0
B_call,0.18289473684210528,131.77682590212675,0.0,0.0,1.0,0.0,True,0.1,100.34063642626485,0.1,100.34063642626485,0.0038461538461538464,131.79996604503046,1.0
B_call,0.18684210526315792,131.7741254833179,0.0,0.0,1.0,0.0,True,0.1,100.34063642626485,0.1,100.34063642626485,0.0038461538461538464,131.79996604503046,1.0
B_call,0.1907894736842105,131.77127350144917,0.0,0.0,1.0,0.0,True,0.1,100.34063642626485,0.1,100.34063642626485,0.0038461538461538464,131.79996604503046,1.0
B_call,0.19473684210526315,131.7682538813924,3.4416913763379853e-15,3.4416913763379853e-15,1.0,0.0,True,0.1,100.34063642626485,0.1,100.34063642626485,0.0038461538461538464,131.79996604503046,1.0
B_call,0.1986842105263158,131.76504820203414,2.4424906541753444e-15,0.0,1.0,0.0,True,0.1,100.34063642626485,0.1,100.34063642626485,0.0038461538461538464,131.79996604503046,1.0
B_call,0.20263157894736844,131.76163541255158,0.0,0.0,1.0,0.0,True,0.1,100.34063642626485,0.1,100.34063642626485,0.0038461538461538464,131.79996604503046,1.0
B_call,0.20657894736842106,131.75799170129793,1.5543122344752192e-15,1.5543122344752192e-15,1.0,0.0,True,0.1,100.34063642626485,0.1,100.34063642626485,0.0038461538461538464,131.79996604503046,1.0
B_call,0.21052631578947367,131.75409086009466,2.220446049250313e-16,0.0,1.0,0.0,True,0.1,100.34063642626485,0.1,100.34063642626485,0.0038461538461538464,131.79996604503046,1.0
B_call,0.21447368421052632,131.74990611208779,9.992007221626409e-16,7.771561172376096e-16,1.0,0.0,True,0.1,100.34063642626485,0.1,100.34063642626485,0.0038461538461538464,131.79996604503046,1.0
B_call,0.21842105263157896,131.74541645102505,2.6645352591003757e-15,1.6653345369377348e-15,1.0,0.0,True,0.1,100.34063642626485,0.1,100.34063642626485,0.0038461538461538464,131.79996604503046,1.0
B_call,0.22236842105263158,131.74062930561027,0.0,0.0,1.0,0.0,True,0.1,100.34063642626485,0.1,100.34063642626485,0.0038461538461538464,131.79996604503046,1.0
B_call,0.2263157894736842,131.73569042282685,1.4432899320127035e-15,1.4432899320127035e-15,1.0,0.0,True,0.1,100.34063642626485,0.1,100.34063642626485,0.0038461538461538464,131.79996604503046,1.0
B_call,0.23026315789473684,131.72880578139865,0.0,0.0,1.0,0.0,True,0.1,100.34063642626485,0.1,100.34063642626485,0.0038461538461538464,131.79996604503046,1.0
B_call,0.23421052631578948,131.71770758358286,0.0,0.0,1.0,0.0,True,0.1,100.34063642626485,0.1,100.34063642626485,0.0038461538461538464,131.79996604503046,1.0
B_call,0.2381578947368421,131.70368247777745,0.0,0.0,1.0,0.0,True,0.1,100.34063642626485,0.1,100.34063642626485,0.0038461538461538464,131.79996604503046,1.0
B_call,0.24210526315789474,131.6850552459313,6.661338147750939e-16,6.661338147750939e-16,1.0,0.0,True,0.1,100.34063642626485,0.1,100.34063642626485,0.0038461538461538464,131.79996604503046,1.0
B_call,0.24605263157894738,131.65909385424754,0.0,0.0,1.0,0.0,True,0.1,100.34063642626485,0.1,100.34063642626485,0.0038461538461538464,131.79996604503046,1.0
B_call,0.25,100.20378282838213,0.12490003698453944,0.12490003698453944,0.5223919765446254,0.0,True,0.1,100.34063642626485,0.1,100.34063642626485,0.0038461538461538464,131.79996604503046,1.0
B_call,0.25384615384615383,131.79996604859863,0.0,0.0,1.0,0.47760802345537456,True,0.1,100.34063642626485,0.1,100.34063642626485,0.0038461538461538464,131.79996604503046,1.0
B_call,0.25769230769230766,131.7980831619943,0.0,0.0,1.0,0.0,True,0.1,100.34063642626485,0.1,100.34063642626485,0.0038461538461538464,131.79996604503046,1.0
B_call,0.26153846153846155,131.79612165165943,0.0,0.0,1.0,0.0,True,0.1,100.34063642626485,0.1,100.34063642626485,0.0038461538461538464,131.79996604503046,1.0
B_call,0.2653846153846154,131.79407523491798,0.0,0.0,1.0,0.0,True,0.1,100.34063642626485,0.1,100.34063642626485,0.0038461538461538464,131.79996604503046,1.0
B_call,0.2692307692307692,131.79193687456973,4.440892098500626e-16,4.440892098500626e-16,1.0,0.0,True,0.1,100.34063642626485,0.1,100.34063642626485,0.0038461538461538464,131.79996604503046,1.0
B_call,0.27307692307692305,131.7896986570517,2.220446049250313e-16,0.0,1.0,0.0,True,0.1,100.34063642626485,0.1,100.34063642626485,0.0038461538461538464,131.79996604503046,1.0
B_call,0.27692307692307694,131.78735164612402,0.0,0.0,1.0,0.0,True,0.1,100.34063642626485,0.1,100.34063642626485,0.0038461538461538464,131.79996604503046,1.0
B_call,0.28076923076923077,131.78488570647113,0.0,0.0,1.0,0.0,True,0.1,100.34063642626485,0.1,100.34063642626485,0.0038461538461538464,131.79996604503046,1.0
B_call,0.2846153846153846,131.7822892903652,1.887379141862766e-15,1.887379141862766e-15,1.0,0.0,True,0.1,100.34063642626485,0.1,100.34063642626485,0.0038461538461538464,131.79996604503046,1.0
B_call,0.28846153846153844,131.77954917929497,0.0,0.0,1.0,0.0,True,0.1,100.34063642626485,0.1,100.34063642626485,0.0038461538461538464,131.79996604503046,1.0
B_call,0.29230769230769227,131.77665017153763,1.1102230246251565e-16,1.1102230246251565e-16,1.0,0.0,True,0.1,100.34063642626485,0.1,100.34063642626485,0.0038461538461538464,131.79996604503046,1.0
B_call,0.29615384615384616,131.77357470709404,4.440892098500626e-16,3.3306690738754696e-16,1.0,0.0,True,0.1,100.34063642626485,0.1,100.34063642626485,0.0038461538461538464,131.79996604503046,1.0
B_call,0.3,131.7703024256675,6.661338147750939e-16,2.220446049250313e-16,1.0,0.0,True,0.1,100.34063642626485,0.1,100.34063642626485,0.0038461538461538464,131.79996604503046,1.0
B_call,0.3038461538461538,131.7668096678617,0.0,0.0,1.0,0.0,True,0.1,100.34063642626485,0.1,100.34063642626485,0.0038461538461538464,131.79996604503046,1.0
B_call,0.30769230769230765,131.76306897108105,4.440892098500626e-16,4.440892098500626e-16,1.0,0.0,True,0.1,100.34063642626485,0.1,100.34063642626485,0.0038461538461538464,131.79996604503046,1.0
B_call,0.31153846153846154,131.75904872526354,0.0,0.0,1.0,0.0,True,0.1,100.34063642626485,0.1,100.34063642626485,0.0038461538461538464,131.79996604503046,1.0
B_call,0.3153846153846154,131.75471347668147,1.1102230246251565e-15,1.1102230246251565e-15,1.0,0.0,True,0.1,100.34063642626485,0.1,100.34063642626485,0.0038461538461538464,131.79996604503046,1.0
B_call,0.3192307692307692,131.7500263608542,7.771561172376096e-16,0.0,1.0,0.0,True,0.1,100.34063642626485,0.1,100.34063642626485,0.0038461538461538464,131.79996604503046,1.0
B_call,0.32307692307692304,131.74495864665934,0.0,0.0,1.0,0.0,True,0.1,100.34063642626485,0.1,100.34063642626485,0.0038461538461538464,131.79996604503046,1.0
B_call,0.3269230769230769,131.73952713822288,0.0,0.0,1.0,0.0,True,0.1,100.34063642626485,0.1,100.34063642626485,0.0038461538461538464,131.79996604503046,1.0
B_call,0.33076923076923076,131.73399525122787,0.0,0.0,1.0,0.0,True,0.1,100.34063642626485,0.1,100.34063642626485,0.0038461538461538464,131.79996604503046,1.0
B_call,0.3346153846153846,131.72373296243882,6.661338147750939e-16,6.661338147750939e-16,1.0,0.0,True,0.1,100.34063642626485,0.1,100.34063642626485,0.0038461538461538464,131.79996604503046,1.0
B_call,0.3384615384615384,131.70934253725224,0.0,0.0,1.0,0.0,True,0.1,100.34063642626485,0.1,100.34063642626485,0.0038461538461538464,131.79996604503046,1.0
B_call,0.3423076923076923,131.68991259441927,0.0,0.0,1.0,0.0,True,0.1,100.34063642626485,0.1,100.34063642626485,0.0038461538461538464,131.79996604503046,1.0
B_call,0.34615384615384615,131.6619506952248,0.0,0.0,1.0,0.0,True,0.1,100.34063642626485,0.1,100.34063642626485,0.0038461538461538464,131.79996604503046,1.0
B_call,0.35,100.27811802338499,0.06941587212103939,0.06941587212103939,0.5256970528860097,0.0,True,0.1,100.34063642626485,0.1,100.34063642626485,0.0038461538461538464,131.79996604503046,1.0
B_call,0.3539473684210526,131.8122842642871,6.661338147750939e-16,0.0,1.0,0.47430294711399035,True,0.1,100.34063642626485,0.1,100.34063642626485,0.0038461538461538464,131.79996604503046,1.0
B_call,0.35789473684210527,131.81114901182744,0.0,0.0,1.0,0.0,True,0.1,100.34063642626485,0.1,100.34063642626485,0.0038461538461538464,131.79996604503046,1.0
B_call,0.36184210526315785,131.80985102330266,0.0,0.0,1.0,0.0,True,0.1,100.34063642626485,0.1,100.34063642626485,0.0038461538461538464,131.79996604503046,1.0
B_call,0.3657894736842105,131.80851486828118,0.0,0.0,1.0,0.0,True,0.1,100.34063642626485,0.1,100.34063642626485,0.0038461538461538464,131.79996604503046,1.0
B_call,0.36973684210526314,131.80713839985614,0.0,0.0,1.0,0.0,True,0.1,100.34063642626485,0.1,100.34063642626485,0.0038461538461538464,131.79996604503046,1.0
B_call,0.3736842105263158,131.80571929046127,1.4432899320127035e-15,1.4432899320127035e-15,1.0,0.0,True,0.1,100.34063642626485,0.1,100.34063642626485,0.0038461538461538464,131.79996604503046,1.0
B_call,0.37763157894736843,131.80425501139345,4.440892098500626e-16,0.0,1.0,0.0,True,0.1,100.34063642626485,0.1,100.34063642626485,0.0038461538461538464,131.79996604503046,1.0
B_call,0.381578947368421,131.80274280939676,0.0,0.0,1.0,0.0,True,0.1,100.34063642626485,0.1,100.34063642626485,0.0038461538461538464,131.79996604503046,1.0
B_call,0.38552631578947366,131.80117967980956,0.0,0.0,1.0,0.0,True,0.1,100.34063642626485,0.1,100.34063642626485,0.0038461538461538464,131.79996604503046,1.0
B_call,0.3894736842105263,131.7995623356161,1.3322676295501878e-15,1.3322676295501878e-15,1.0,0.0,True,0.1,100.34063642626485,0.1,100.34063642626485,0.0038461538461538464,131.79996604503046,1.0
B_call,0.39342105263157895,131.79788717171746,0.0,0.0,1.0,0.0,True,0.1,100.34063642626485,0.1,100.34063642626485,0.0038461538461538464,131.79996604503046,1.0
B_call,0.39736842105263154,131.79615022347403,0.0,0.0,1.0,0.0,True,0.1,100.34063642626485,0.1,100.34063642626485,0.0038461538461538464,131.79996604503046,1.0
B_call,0.4013157894736842,131.79434711845414,0.0,0.0,1.0,0.0,True,0.1,100.34063642626485,0.1,100.34063642626485,0.0038461538461538464,131.79996604503046,1.0
B_call,0.4052631578947368,131.7924730200387,1.3322676295501878e-15,1.3322676295501878e-15,1.0,0.0,True,0.1,100.34063642626485,0.1,100.34063642626485,0.0038461538461538464,131.79996604503046,1.0
B_call,0.40921052631578947,131.7905225612413,1.1102230246251565e-16,0.0,1.0,0.0,True,0.1,100.34063642626485,0.1,100.34063642626485,0.0038461538461538464,131.79996604503046,1.0
B_call,0.41315789473684206,131.78848976679038,0.0,0.0,1.0,0.0,True,0.1,100.34063642626485,0.1,100.34063642626485,0.0038461538461538464,131.79996604503046,1.0
B_call,0.41710526315789476,131.78636796103467,0.0,0.0,1.0,0.0,True,0.1,100.34063642626485,0.1,100.34063642626485,0.0038461538461538464,131.79996604503046,1.0
B_call,0.42105263157894735,131.78414965875962,0.0,0.0,1.0,0.0,True,0.1,100.34063642626485,0.1,100.34063642626485,0.0038461538461538464,131.79996604503046,1.0
B_call,0.425,131.7818264354016,0.0,0.0,1.0,0.0,True,0.1,100.34063642626485,0.1,100.34063642626485,0.0038461538461538464,131.79996604503046,1.0
B_call,0.42894736842105263,131.779388772597,2.220446049250313e-16,2.220446049250313e-16,1.0,0.0,True,0.1,100.34063642626485,0.1,100.34063642626485,0.0038461538461538464,131.79996604503046,1.0
B_call,0.4328947368421053,131.77682587459148,0.0,0.0,1.0,0.0,True,0.1,100.34063642626485,0.1,100.34063642626485,0.0038461538461538464,131.79996604503046,1.0
B_call,0.4368421052631579,131.7741254510921,0.0,0.0,1.0,0.0,True,0.1,100.34063642626485,0.1,100.34063642626485,0.0038461538461538464,131.79996604503046,1.0
B_call,0.4407894736842105,131.77127346358398,1.1102230246251565e-15,1.1102230246251565e-15,1.0,0.0,True,0.1,100.34063642626485,0.1,100.34063642626485,0.0038461538461538464,131.79996604503046,1.0
B_call,0.44473684210526315,131.76825383674665,2.220446049250313e-16,0.0,1.0,0.0,True,0.1,100.34063642626485,0.1,100.34063642626485,0.0038461538461538464,131.79996604503046,1.0
B_call,0.4486842105263158,131.76504814917482,9.992007221626409e-16,7.771561172376096e-16,1.0,0.0,True,0.1,100.34063642626485,0.1,100.34063642626485,0.0038461538461538464,131.79996604503046,1.0
B_call,0.4526315789473684,131.76163534961873,0.0,0.0,1.0,0.0,True,0.1,100.34063642626485,0.1,100.34063642626485,0.0038461538461538464,131.79996604503046,1.0
B_call,0.45657894736842103,131.75799162562478,0.0,0.0,1.0,0.0,True,0.1,100.34063642626485,0.1,100.34063642626485,0.0038461538461538464,131.79996604503046,1.0
B_call,0.4605263157894737,131.7540907674233,5.551115123125783e-16,5.551115123125783e-16,1.0,0.0,True,0.1,100.34063642626485,0.1,100.34063642626485,0.0038461538461538464,131.79996604503046,1.0
B_call,0.4644736842105263,131.74990599522533,0.0,0.0,1.0,0.0,True,0.1,100.34063642626485,0.1,100.34063642626485,0.0038461538461538464,131.79996604503046,1.0
B_call,0.46842105263157896,131.7454162994187,0.0,0.0,1.0,0.0,True,0.1,100.34063642626485,0.1,100.34063642626485,0.0038461538461538464,131.79996604503046,1.0
B_call,0.47236842105263155,131.74062910519928,0.0,0.0,1.0,0.0,True,0.1,100.34063642626485,0.1,100.34063642626485,0.0038461538461538464,131.79996604503046,1.0
B_call,0.4763157894736842,131.73569016623875,2.220446049250313e-16,2.220446049250313e-16,1.0,0.0,True,0.1,100.34063642626485,0.1,100.34063642626485,0.0038461538461538464,131.79996604503046,1.0
B_call,0.48026315789473684,131.72880505239186,0.0,0.0,1.0,0.0,True,0.1,100.34063642626485,0.1,100.34063642626485,0.0038461538461538464,131.79996604503046,1.0
B_call,0.4842105263157895,131.7177063334602,5.551115123125783e-16,5.551115123125783e-16,1.0,0.0,True,0.1,100.34063642626485,0.1,100.34063642626485,0.0038461538461538464,131.79996604503046,1.0
B_call,0.4881578947368421,131.70368010559116,2.220446049250313e-16,0.0,1.0,0.0,True,0.1,100.34063642626485,0.1,100.34063642626485,0.0038461538461538464,131.79996604503046,1.0
B_call,0.4921052631578947,131.68504585499687,3.3306690738754696e-16,1.1102230246251565e-16,1.0,0.0,True,0.1,100.34063642626485,0.1,100.34063642626485,0.0038461538461538464,131.79996604503046,1.0
B_call,0.4960526315789474,131.65899866849102,2.1094237467877974e-15,1.7763568394002505e-15,1.0,0.0,True,0.1,100.34063642626485,0.1,100.34063642626485,0.0038461538461538464,131.79996604503046,1.0
A_put,0.0,76.77730769482012,0.0,0.0,0.0,0.0,True,0.49609375,77.57844941512013,0.00390625,76.78031343896545,0.00390625,76.78031343896545,1.0
A_put,0.00390625,76.78031343896545,0.0,0.0,1.0,1.0,True,0.49609375,77.57844941512013,0.00390625,76.78031343896545,0.00390625,76.78031343896545,1.0
A_put,0.0078125,76.78297287752896,0.0,0.0,1.0,0.0,True,0.49609375,77.57844941512013,0.00390625,76.78031343896545,0.00390625,76.78031343896545,1.0
A_put,0.01171875,76.78515905952466,0.0,0.0,1.0,0.0,True,0.49609375,77.57844941512013,0.00390625,76.78031343896545,0.00390625,76.78031343896545,1.0
A_put,0.015625,76.78741844416477,0.0,0.0,1.0,0.0,True,0.49609375,77.57844941512013,0.00390625,76.78031343896545,0.00390625,76.78031343896545,1.0
A_put,0.01953125,76.78975401617703,0.0,0.0,1.0,0.0,True,0.49609375,77.57844941512013,0.00390625,76.78031343896545,0.00390625,76.78031343896545,1.0
A_put,0.0234375,76.7921687900139,0.0,0.0,1.0,0.0,True,0.49609375,77.57844941512013,0.00390625,76.78031343896545,0.00390625,76.78031343896545,1.0
A_put,0.02734375,76.7946657634761,0.0,0.0,1.0,0.0,True,0.49609375,77.57844941512013,0.00390625,76.78031343896545,0.00390625,76.78031343896545,1.0
A_put,0.03125,76.79724784792,0.0,0.0,1.0,0.0,True,0.49609375,77.57844941512013,0.00390625,76.78031343896545,0.00390625,76.78031343896545,1.0
A_put,0.03515625,76.79991776256745,0.0,0.0,1.0,0.0,True,0.49609375,77.57844941512013,0.00390625,76.78031343896545,0.00390625,76.78031343896545,1.0
A_put,0.0390625,76.80267787201167,0.0,0.0,1.0,0.0,True,0.49609375,77.57844941512013,0.00390625,76.78031343896545,0.00390625,76.78031343896545,1.0
A_put,0.04296875,76.80552993023201,0.0,0.0,1.0,0.0,True,0.49609375,77.57844941512013,0.00390625,76.78031343896545,0.00390625,76.78031343896545,1.0
A_put,0.046875,76.80847466290818,0.0,0.0,1.0,0.0,True,0.49609375,77.57844941512013,0.00390625,76.78031343896545,0.00390625,76.78031343896545,1.0
A_put,0.05078125,76.81151105150559,0.0,0.0,1.0,0.0,True,0.49609375,77.57844941512013,0.00390625,76.78031343896545,0.00390625,76.78031343896545,1.0
A_put,0.0546875,76.81463501934891,0.0,0.0,1.0,0.0,True,0.49609375,77.57844941512013,0.00390625,76.78031343896545,0.00390625,76.78031343896545,1.0
A_put,0.05859375,76.81783677492784,0.0,0.0,1.0,0.0,True,0.49609375,77.57844941512013,0.00390625,76.78031343896545,0.00390625,76.78031343896545,1.0
A_put,0.0625,76.82109461510747,0.0,0.0,1.0,0.0,True,0.49609375,77.57844941512013,0.00390625,76.78031343896545,0.00390625,76.78031343896545,1.0
A_put,0.06640625,76.82435677486795,0.0,0.0,1.0,0.0,True,0.49609375,77.57844941512013,0.00390625,76.78031343896545,0.00390625,76.78031343896545,1.0
A_put,0.0703125,76.82746015457451,0.0,0.0,1.0,0.0,True,0.49609375,77.57844941512013,0.00390625,76.78031343896545,0.00390625,76.78031343896545,1.0
A_put,0.07421875,76.83008833766496,0.0,0.0,1.0,0.0,True,0.49609375,77.57844941512013,0.00390625,76.78031343896545,0.00390625,76.78031343896545,1.0
A_put,0.078125,76.83249882755138,0.0,0.0,1.0,0.0,True,0.49609375,77.57844941512013,0.00390625,76.78031343896545,0.00390625,76.78031343896545,1.0
A_put,0.08203125,76.8349964788351,0.0,0.0,1.0,0.0,True,0.49609375,77.57844941512013,0.00390625,76.78031343896545,0.00390625,76.78031343896545,1.0
A_put,0.0859375,76.83758498339739,4.3414883708961754e-10,4.3414883708961754e-10,1.0,0.0,True,0.49609375,77.57844941512013,0.00390625,76.78031343896545,0.00390625,76.78031343896545,1.0
A_put,0.08984375,76.840268015662,8.991394056593225e-10,4.6499056856970496e-10,1.0,0.0,True,0.49609375,77.57844941512013,0.00390625,76.78031343896545,0.00390625,76.78031343896545,1.0
A_put,0.09375,76.84304913829645,1.307004416034602e-09,4.078650103752795e-10,1.0,0.0,True,0.49609375,77.57844941512013,0.00390625,76.78031343896545,0.00390625,76.78031343896545,1.0
A_put,0.09765625,76.84593165645427,1.695602885987621e-09,3.885984699530189e-10,1.0,0.0,True,0.49609375,77.57844941512013,0.00390625,76.78031343896545,0.00390625,76.78031343896545,1.0
A_put,0.1015625,76.8489183886697,2.0885309974067784e-09,3.9292811141915745e-10,1.0,0.0,True,0.49609375,77.57844941512013,0.00390625,76.78031343896545,0.00390625,76.78031343896545,1.0
A_put,0.10546875,76.85201129675657,2.501562382590973e-09,4.1303138518419455e-10,1.0,0.0,True,0.49609375,77.57844941512013,0.00390625,76.78031343896545,0.00390625,76.78031343896545,1.0
A_put,0.109375,76.855210863093,2.9461112731501684e-09,4.445488905591955e-10,1.0,0.0,True,0.49609375,77.57844941512013,0.00390625,76.78031343896545,0.00390625,76.78031343896545,1.0
A_put,0.11328125,76.85851498037088,3.4311090862310368e-09,4.849978130808684e-10,1.0,0.0,True,0.49609375,77.57844941512013,0.00390625,76.78031343896545,0.00390625,76.78031343896545,1.0
A_put,0.1171875,76.86191680112483,3.9639663469568e-09,5.328572607257633e-10,1.0,0.0,True,0.49609375,77.57844941512013,0.00390625,76.78031343896545,0.00390625,76.78031343896545,1.0
A_put,0.12109375,76.86540003013404,4.551227060518451e-09,5.872607135616511e-10,1.0,0.0,True,0.49609375,77.57844941512013,0.00390625,76.78031343896545,0.00390625,76.78031343896545,1.0
A_put,0.125,76.86892642059907,5.198826295970999e-09,6.475992354525482e-10,1.0,0.0,True,0.49609375,77.57844941512013,0.00390625,76.78031343896545,0.00390625,76.78031343896545,1.0
A_put,0.12890625,76.87238838934091,5.911952732965271e-09,7.131264369942716e-10,1.0,0.0,True,0.49609375,77.57844941512013,0.00390625,76.78031343896545,0.00390625,76.78031343896545,1.0
A_put,0.1328125,76.87552373914886,6.694425504180236e-09,7.824727712149652e-10,1.0,0.0,True,0.49609375,77.57844941512013,0.00390625,76.78031343896545,0.00390625,76.78031343896545,1.0
A_put,0.13671875,76.87820355938435,7.550186982915732e-09,8.557614787354964e-10,1.0,0.0,True,0.49609375,77.57844941512013,0.00390625,76.78031343896545,0.00390625,76.78031343896545,1.0
A_put,0.140625,76.88099076700072,8.48846450319949e-09,9.38277520283758e-10,1.0,0.0,True,0.49609375,77.57844941512013,0.00390625,76.78031343896545,0.00390625,76.78031343896545,1.0
A_put,0.14453125,76.88389030320516,9.515366801560002e-09,1.0269022983605116e-09,1.0,0.0,True,0.49609375,77.57844941512013,0.00390625,76.78031343896545,0.00390625,76.78031343896545,1.0
A_put,0.1484375,76.88690704159129,1.0637272304020017e-08,1.121905502460015e-09,1.0,0.0,True,0.49609375,77.57844941512013,0.00390625,76.78031343896545,0.00390625,76.78031343896545,1.0
A_put,0.15234375,76.89004561119665,1.1860835923288695e-08,1.2235636192686775e-09,1.0,0.0,True,0.49609375,77.57844941512013,0.00390625,76.78031343896545,0.00390625,76.78031343896545,1.0
A_put,0.15625,76.89331011167953,1.3192999957793557e-08,1.3321640345048625e-09,1.0,0.0,True,0.49609375,77.57844941512013,0.00390625,76.78031343896545,0.00390625,76.78031343896545,1.0
A_put,0.16015625,76.89670364316798,1.4641029814722471e-08,1.4480298569289143e-09,1.0,0.0,True,0.49609375,77.57844941512013,0.00390625,76.78031343896545,0.00390625,76.78031343896545,1.0
A_put,0.1640625,76.90022749817724,1.6212506492425253e-08,1.5714766777027818e-09,1.0,0.0,True,0.49609375,77.57844941512013,0.00390625,76.78031343896545,0.00390625,76.78031343896545,1.0
A_put,0.16796875,76.90387968710994,1.7915305914009033e-08,1.7027994215837802e-09,1.0,0.0,True,0.49609375,77.57844941512013,0.00390625,76.78031343896545,0.00390625,76.78031343896545,1.0
A_put,0.171875,76.90765199867826,1.975753394128498e-08,1.8422280272759473e-09,1.0,0.0,True,0.49609375,77.57844941512013,0.00390625,76.78031343896545,0.00390625,76.78031343896545,1.0
A_put,0.17578125,76.91152329870935,2.174734208613696e-08,1.9898081448519794e-09,1.0,0.0,True,0.49609375,77.57844941512013,0.00390625,76.78031343896545,0.00390625,76.78031343896545,1.0
A_put,0.1796875,76.91544053969741,2.3892402911284965e-08,2.1450608251480044e-09,1.0,0.0,True,0.49609375,77.57844941512013,0.00390625,76.78031343896545,0.00390625,76.78031343896545,1.0
A_put,0.18359375,76.9192382188067,2.6197592554067514e-08,2.3051896427825496e-09,1.0,0.0,True,0.49609375,77.57844941512013,0.00390625,76.78031343896545,0.00390625,76.78031343896545,1.0
A_put,0.1875,76.92264781520544,2.866394942277668e-08,2.466356868709167e-09,1.0,0.0,True,0.49609375,77.57844941512013,0.00390625,76.78031343896545,0.00390625,76.78031343896545,1.0
A_put,0.19140625,76.92580304248511,3.130181463249503e-08,2.63786520971835e-09,1.0,0.0,True,0.49609375,77.57844941512013,0.00390625,76.78031343896545,0.00390625,76.78031343896545,1.0
A_put,0.1953125,76.92910356432526,3.413114257087642e-08,2.8293279383813876e-09,1.0,0.0,True,0.49609375,77.57844941512013,0.00390625,76.78031343896545,0.00390625,76.78031343896545,1.0
A_put,0.19921875,76.93255654909595,3.716284811949599e-08,3.0317055486195728e-09,1.0,0.0,True,0.49609375,77.57844941512013,0.00390625,76.78031343896545,0.00390625,76.78031343896545,1.0
A_put,0.203125,76.93616874089338,4.040836651735757e-08,3.2455183978615794e-09,1.0,0.0,True,0.49609375,77.57844941512013,0.00390625,76.78031343896545,0.00390625,76.78031343896545,1.0
A_put,0.20703125,76.93994590378925,4.387965081855304e-08,3.4712843011954693e-09,1.0,0.0,True,0.49609375,77.57844941512013,0.00390625,76.78031343896545,0.00390625,76.78031343896545,1.0
A_put,0.2109375,76.94389184669755,4.7589154133633476e-08,3.709503315080436e-09,1.0,0.0,True,0.49609375,77.57844941512013,0.00390625,76.78031343896545,0.00390625,76.78031343896545,1.0
A_put,0.21484375,76.94800661697761,5.15497450532318e-08,3.960590919598326e-09,1.0,0.0,True,0.49609375,77.57844941512013,0.00390625,76.78031343896545,0.00390625,76.78031343896545,1.0
A_put,0.21875,76.95228285974935,5.577446440988092e-08,4.224719356649118e-09,1.0,0.0,True,0.49609375,77.57844941512013,0.00390625,76.78031343896545,0.00390625,76.78031343896545,1.0
A_put,0.22265625,76.95669744586306,6.027597921831176e-08,4.5015148084308436e-09,1.0,0.0,True,0.49609375,77.57844941512013,0.00390625,76.78031343896545,0.00390625,76.78031343896545,1.0
A_put,0.2265625,76.96118751289006,6.506486736648392e-08,4.7888881481721565e-09,1.0,0.0,True,0.49609375,77.57844941512013,0.00390625,76.78031343896545,0.00390625,76.78031343896545,1.0
A_put,0.23046875,76.96554688175212,7.014228012639879e-08,5.077412759914866e-09,1.0,0.0,True,0.49609375,77.57844941512013,0.00390625,76.78031343896545,0.00390625,76.78031343896545,1.0
A_put,0.234375,76.96948841602945,7.550073978916158e-08,5.358459662762794e-09,1.0,0.0,True,0.49609375,77.57844941512013,0.00390625,76.78031343896545,0.00390625,76.78031343896545,1.0
A_put,0.23828125,76.97324151973379,8.116440846205407e-08,5.663668672892493e-09,1.0,0.0,True,0.49609375,77.57844941512013,0.00390625,76.78031343896545,0.00390625,76.78031343896545,1.0
A_put,0.2421875,76.97719608186826,8.717409527786108e-08,6.0096868158070095e-09,1.0,0.0,True,0.49609375,77.57844941512013,0.00390625,76.78031343896545,0.00390625,76.78031343896545,1.0
A_put,0.24609375,76.98136272700039,9.35479350105907e-08,6.373839732729623e-09,1.0,0.0,True,0.49609375,77.57844941512013,0.00390625,76.78031343896545,0.00390625,76.78031343896545,1.0
A_put,0.25,76.98575052870981,1.0030488577737464e-07,6.756950766783937e-09,1.0,0.0,True,0.49609375,77.57844941512013,0.00390625,76.78031343896545,0.00390625,76.78031343896545,1.0
A_put,0.25390625,76.99036513267295,1.074646030274077e-07,7.15971725003306e-09,1.0,0.0,True,0.49609375,77.57844941512013,0.00390625,76.78031343896545,0.00390625,76.78031343896545,1.0
A_put,0.2578125,76.99520498543251,1.1504698982421836e-07,7.582386796810662e-09,1.0,0.0,True,0.49609375,77.57844941512013,0.00390625,76.78031343896545,0.00390625,76.78031343896545,1.0
A_put,0.26171875,77.00025284766171,1.2307113438164426e-07,8.024144557425897e-09,1.0,0.0,True,0.49609375,77.57844941512013,0.00390625,76.78031343896545,0.00390625,76.78031343896545,1.0
A_put,0.265625,77.0054525988181,1.315521444526816e-07,8.481010071037336e-09,1.0,0.0,True,0.49609375,77.57844941512013,0.00390625,76.78031343896545,0.00390625,76.78031343896545,1.0
A_put,0.26953125,77.01061661342214,1.4048856154981817e-07,8.936417097136572e-09,1.0,0.0,True,0.49609375,77.57844941512013,0.00390625,76.78031343896545,0.00390625,76.78031343896545,1.0
A_put,0.2734375,77.01536205592306,1.4984898055373724e-07,9.360419003919073e-09,1.0,0.0,True,0.49609375,77.57844941512013,0.00390625,76.78031343896545,0.00390625,76.78031343896545,1.0
A_put,0.27734375,77.01969348900724,1.5964290219326773e-07,9.793921639530488e-09,1.0,0.0,True,0.49609375,77.57844941512013,0.00390625,76.78031343896545,0.00390625,76.78031343896545,1.0
A_put,0.28125,77.02429181626277,1.6997720037822387e-07,1.0334298184956143e-08,1.0,0.0,True,0.49609375,77.57844941512013,0.00390625,76.78031343896545,0.00390625,76.78031343896545,1.0
A_put,0.28515625,77.02917221503712,1.8088013106132594e-07,1.0902930683102068e-08,1.0,0.0,True,0.49609375,77.57844941512013,0.00390625,76.78031343896545,0.00390625,76.78031343896545,1.0
A_put,0.2890625,77.03434613597169,1.9238105918488366e-07,1.1500928123557723e-08,1.0,0.0,True,0.49609375,77.57844941512013,0.00390625,76.78031343896545,0.00390625,76.78031343896545,1.0
A_put,0.29296875,77.03981630066951,2.0450953053329897e-07,1.2128471348415306e-08,1.0,0.0,True,0.49609375,77.57844941512013,0.00390625,76.78031343896545,0.00390625,76.78031343896545,1.0
A_put,0.296875,77.04556501588786,2.1729282066501713e-07,1.2783290131718159e-08,1.0,0.0,True,0.49609375,77.57844941512013,0.00390625,76.78031343896545,0.00390625,76.78031343896545,1.0
A_put,0.30078125,77.05152084304,2.3074847003608745e-07,1.345564937107032e-08,1.0,0.0,True,0.49609375,77.57844941512013,0.00390625,76.78031343896545,0.00390625,76.78031343896545,1.0
A_put,0.3046875,77.05741755669986,2.448524312990802e-07,1.4103961262992741e-08,1.0,0.0,True,0.49609375,77.57844941512013,0.00390625,76.78031343896545,0.00390625,76.78031343896545,1.0
A_put,0.30859375,77.06270548615379,2.595082196610555e-07,1.4655788361975316e-08,1.0,0.0,True,0.49609375,77.57844941512013,0.00390625,76.78031343896545,0.00390625,76.78031343896545,1.0
A_put,0.3125,77.06760076566113,2.7476776095990183e-07,1.525954129884632e-08,1.0,0.0,True,0.49609375,77.57844941512013,0.00390625,76.78031343896545,0.00390625,76.78031343896545,1.0
A_put,0.31640625,77.07282886940818,2.908151072186445e-07,1.6047346258742674e-08,1.0,0.0,True,0.49609375,77.57844941512013,0.00390625,76.78031343896545,0.00390625,76.78031343896545,1.0
A_put,0.3203125,77.07840778618207,3.0769232156769935e-07,1.6877214349054848e-08,1.0,0.0,True,0.49609375,77.57844941512013,0.00390625,76.78031343896545,0.00390625,76.78031343896545,1.0
A_put,0.32421875,77.08434642795487,3.254417707837605e-07,1.7749449216061134e-08,1.0,0.0,True,0.49609375,77.57844941512013,0.00390625,76.78031343896545,0.00390625,76.78031343896545,1.0
A_put,0.328125,77.09063114848313,3.4410188001892924e-07,1.8660109235168753e-08,1.0,0.0,True,0.49609375,77.57844941512013,0.00390625,76.78031343896545,0.00390625,76.78031343896545,1.0
A_put,0.33203125,77.09718679837292,3.636939766022522e-07,1.9592096583322962e-08,1.0,0.0,True,0.49609375,77.57844941512013,0.00390625,76.78031343896545,0.00390625,76.78031343896545,1.0
A_put,0.3359375,77.10371045735087,3.841653030966758e-07,2.0471326494423577e-08,1.0,0.0,True,0.49609375,77.57844941512013,0.00390625,76.78031343896545,0.00390625,76.78031343896545,1.0
A_put,0.33984375,77.10947775121981,4.0530595152249386e-07,2.1140648425818085e-08,1.0,0.0,True,0.49609375,77.57844941512013,0.00390625,76.78031343896545,0.00390625,76.78031343896545,1.0
A_put,0.34375,77.11476719728856,4.2720494983145285e-07,2.1898998308958996e-08,1.0,0.0,True,0.49609375,77.57844941512013,0.00390625,76.78031343896545,0.00390625,76.78031343896545,1.0
A_put,0.34765625,77.120439523409,4.5018067726317435e-07,2.2975727431721492e-08,1.0,0.0,True,0.49609375,77.57844941512013,0.00390625,76.78031343896545,0.00390625,76.78031343896545,1.0
A_put,0.3515625,77.12651448813821,4.7429169408533793e-07,2.4111016822163585e-08,1.0,0.0,True,0.49609375,77.57844941512013,0.00390625,76.78031343896545,0.00390625,76.78031343896545,1.0
A_put,0.35546875,77.13299735152691,4.995946921712729e-07,2.530299808593495e-08,1.0,0.0,True,0.49609375,77.57844941512013,0.00390625,76.78031343896545,0.00390625,76.78031343896545,1.0
A_put,0.359375,77.13985585374601,5.261336105122304e-07,2.6538918340957566e-08,1.0,0.0,True,0.49609375,77.57844941512013,0.00390625,76.78031343896545,0.00390625,76.78031343896545,1.0
A_put,0.36328125,77.14694491467137,5.539024814928608e-07,2.7768870980630392e-08,1.0,0.0,True,0.49609375,77.57844941512013,0.00390625,76.78031343896545,0.00390625,76.78031343896545,1.0
A_put,0.3671875,77.15371690679264,5.826981406834123e-07,2.8795659190551466e-08,1.0,0.0,True,0.49609375,77.57844941512013,0.00390625,76.78031343896545,0.00390625,76.78031343896545,1.0
A_put,0.37109375,77.15922066540807,6.120732983508575e-07,2.9375157667445204e-08,1.0,0.0,True,0.49609375,77.57844941512013,0.00390625,76.78031343896545,0.00390625,76.78031343896545,1.0
A_put,0.375,77.1651465126969,6.428401177207807e-07,3.076681936992322e-08,1.0,0.0,True,0.49609375,77.57844941512013,0.00390625,76.78031343896545,0.00390625,76.78031343896545,1.0
A_put,0.37890625,77.1715189780707,6.75077380635371e-07,3.223726291459023e-08,1.0,0.0,True,0.49609375,77.57844941512013,0.00390625,76.78031343896545,0.00390625,76.78031343896545,1.0
A_put,0.3828125,77.17834716601456,7.088608845463048e-07,3.378350391093383e-08,1.0,0.0,True,0.49609375,77.57844941512013,0.00390625,76.78031343896545,0.00390625,76.78031343896545,1.0
A_put,0.38671875,77.18559926147773,7.442469097118365e-07,3.538602516553166e-08,1.0,0.0,True,0.49609375,77.57844941512013,0.00390625,76.78031343896545,0.00390625,76.78031343896545,1.0
A_put,0.390625,77.19311818374644,7.812150836505e-07,3.696817393866358e-08,1.0,0.0,True,0.49609375,77.57844941512013,0.00390625,76.78031343896545,0.00390625,76.78031343896545,1.0
A_put,0.39453125,77.20032776250142,8.194615346289688e-07,3.82464509784688e-08,1.0,0.0,True,0.49609375,77.57844941512013,0.00390625,76.78031343896545,0.00390625,76.78031343896545,1.0
A_put,0.3984375,77.20647238466378,8.584968270995935e-07,3.903529247062472e-08,1.0,0.0,True,0.49609375,77.57844941512013,0.00390625,76.78031343896545,0.00390625,76.78031343896545,1.0
A_put,0.40234375,77.21312817159003,8.993749140983225e-07,4.087808699872895e-08,1.0,0.0,True,0.49609375,77.57844941512013,0.00390625,76.78031343896545,0.00390625,76.78031343896545,1.0
A_put,0.40625,77.2203192673902,9.422039716765966e-07,4.2829057578274145e-08,1.0,0.0,True,0.49609375,77.57844941512013,0.00390625,76.78031343896545,0.00390625,76.78031343896545,1.0
A_put,0.41015625,77.22803648314346,9.870744803186237e-07,4.487050864202709e-08,1.0,0.0,True,0.49609375,77.57844941512013,0.00390625,76.78031343896545,0.00390625,76.78031343896545,1.0
A_put,0.4140625,77.23617370982794,1.0340031988964649e-06,4.692871857784113e-08,1.0,0.0,True,0.49609375,77.57844941512013,0.00390625,76.78031343896545,0.00390625,76.78031343896545,1.0
A_put,0.41796875,77.24424823480162,1.0826821358889396e-06,4.867893699247474e-08,1.0,0.0,True,0.49609375,77.57844941512013,0.00390625,76.78031343896545,0.00390625,76.78031343896545,1.0
A_put,0.421875,77.25173986329892,1.1327037915676413e-06,5.002165567870171e-08,1.0,0.0,True,0.49609375,77.57844941512013,0.00390625,76.78031343896545,0.00390625,76.78031343896545,1.0
A_put,0.42578125,77.25952963083031,1.1848578765072818e-06,5.2154084939640534e-08,1.0,0.0,True,0.49609375,77.57844941512013,0.00390625,76.78031343896545,0.00390625,76.78031343896545,1.0
A_put,0.4296875,77.26803053021486,1.2396246306390187e-06,5.47667541317369e-08,1.0,0.0,True,0.49609375,77.57844941512013,0.00390625,76.78031343896545,0.00390625,76.78031343896545,1.0
A_put,0.43359375,77.27719371087443,1.2970984828164797e-06,5.7473852177460915e-08,1.0,0.0,True,0.49609375,77.57844941512013,0.00390625,76.78031343896545,0.00390625,76.78031343896545,1.0
A_put,0.4375,77.2866868620608,1.3570802880058701e-06,5.998180518939045e-08,1.0,0.0,True,0.49609375,77.57844941512013,0.00390625,76.78031343896545,0.00390625,76.78031343896545,1.0
A_put,0.44140625,77.296068686741,1.419201334201821e-06,6.212104619595081e-08,1.0,0.0,True,0.49609375,77.57844941512013,0.00390625,76.78031343896545,0.00390625,76.78031343896545,1.0
A_put,0.4453125,77.30583900908385,1.484075153379558e-06,6.487381917773717e-08,1.0,0.0,True,0.49609375,77.57844941512013,0.00390625,76.78031343896545,0.00390625,76.78031343896545,1.0
A_put,0.44921875,77.31670731322315,1.552658673020781e-06,6.85835196412229e-08,1.0,0.0,True,0.49609375,77.57844941512013,0.00390625,76.78031343896545,0.00390625,76.78031343896545,1.0
A_put,0.453125,77.32850018918187,1.62497710246011e-06,7.231842943932906e-08,1.0,0.0,True,0.49609375,77.57844941512013,0.00390625,76.78031343896545,0.00390625,76.78031343896545,1.0
A_put,0.45703125,77.34043793936947,1.700257744402508e-06,7.528064194239797e-08,1.0,0.0,True,0.49609375,77.57844941512013,0.00390625,76.78031343896545,0.00390625,76.78031343896545,1.0
A_put,0.4609375,77.35358339106044,1.7800302441750437e-06,7.97724997725357e-08,1.0,0.0,True,0.49609375,77.57844941512013,0.00390625,76.78031343896545,0.00390625,76.78031343896545,1.0
A_put,0.46484375,77.36863025342937,1.8655647430754102e-06,8.553449890036644e-08,1.0,0.0,True,0.49609375,77.57844941512013,0.00390625,76.78031343896545,0.00390625,76.78031343896545,1.0
A_put,0.46875,77.384639730409,1.9559440149197126e-06,9.037927184430243e-08,1.0,0.0,True,0.49609375,77.57844941512013,0.00390625,76.78031343896545,0.00390625,76.78031343896545,1.0
A_put,0.47265625,77.4026759603228,2.0531005708312977e-06,9.715655591158506e-08,1.0,0.0,True,0.49609375,77.57844941512013,0.00390625,76.78031343896545,0.00390625,76.78031343896545,1.0
A_put,0.4765625,77.423680069438,2.1591011422350537e-06,1.0600057140375602e-07,1.0,0.0,True,0.49609375,77.57844941512013,0.00390625,76.78031343896545,0.00390625,76.78031343896545,1.0
A_put,0.48046875,77.44694914684297,2.2735943987495263e-06,1.1449325651447259e-07,1.0,0.0,True,0.49609375,77.57844941512013,0.00390625,76.78031343896545,0.00390625,76.78031343896545,1.0
A_put,0.484375,77.47408961589394,2.4001746311008756e-06,1.2658023235134933e-07,1.0,0.0,True,0.49609375,77.57844941512013,0.00390625,76.78031343896545,0.00390625,76.78031343896545,1.0
A_put,0.48828125,77.50264731437645,2.5355269006321956e-06,1.3535226953132003e-07,1.0,0.0,True,0.49609375,77.57844941512013,0.00390625,76.78031343896545,0.00390625,76.78031343896545,1.0
A_put,0.4921875,77.53689727974374,2.6887698742761363e-06,1.532429736439407e-07,0.9999999999999999,0.0,True,0.49609375,77.57844941512013,0.00390625,76.78031343896545,0.00390625,76.78031343896545,1.0
A_put,0.49609375,77.57844941512013,2.865487691017247e-06,1.7671781674111082e-07,0.9999999999999998,0.0,True,0.49609375,77.57844941512013,0.00390625,76.78031343896545,0.00390625,76.78031343896545,1.0
B_put,0.0,71.52194858394226,0.0,0.0,0.0,0.0,True,0.3539473684210526,97.87406463461542,0.1,71.52050982325196,0.0038461538461538464,71.52025466678757,1.0
B_put,0.0038461538461538464,71.52025466678757,0.0,0.0,1.0,1.0,True,0.3539473684210526,97.87406463461542,0.1,71.52050982325196,0.0038461538461538464,71.52025466678757,1.0
B_put,0.007692307692307693,71.51855784945622,0.0,0.0,1.0,0.0,True,0.3539473684210526,97.87406463461542,0.1,71.52050982325196,0.0038461538461538464,71.52025466678757,1.0
B_put,0.011538461538461539,71.51685617420614,0.0,0.0,1.0,0.0,True,0.3539473684210526,97.87406463461542,0.1,71.52050982325196,0.0038461538461538464,71.52025466678757,1.0
B_put,0.015384615384615385,71.51514705963389,0.0,0.0,1.0,0.0,True,0.3539473684210526,97.87406463461542,0.1,71.52050982325196,0.0038461538461538464,71.52025466678757,1.0
B_put,0.019230769230769232,71.51342681118713,0.0,0.0,1.0,0.0,True,0.3539473684210526,97.87406463461542,0.1,71.52050982325196,0.0038461538461538464,71.52025466678757,1.0
B_put,0.023076923076923078,71.5116895624866,0.0,0.0,1.0,0.0,True,0.3539473684210526,97.87406463461542,0.1,71.52050982325196,0.0038461538461538464,71.52025466678757,1.0
B_put,0.026923076923076925,71.5099246327674,0.0,0.0,1.0,0.0,True,0.3539473684210526,97.87406463461542,0.1,71.52050982325196,0.0038461538461538464,71.52025466678757,1.0
B_put,0.03076923076923077,71.50810798304829,0.0,0.0,1.0,0.0,True,0.3539473684210526,97.87406463461542,0.1,71.52050982325196,0.0038461538461538464,71.52025466678757,1.0
B_put,0.03461538461538462,71.50615271754117,0.0,0.0,1.0,0.0,True,0.3539473684210526,97.87406463461542,0.1,71.52050982325196,0.0038461538461538464,71.52025466678757,1.0
B_put,0.038461538461538464,71.50390881025774,0.0,0.0,1.0,0.0,True,0.3539473684210526,97.87406463461542,0.1,71.52050982325196,0.0038461538461538464,71.52025466678757,1.0
B_put,0.04230769230769231,71.50184558294687,0.0,0.0,1.0,0.0,True,0.3539473684210526,97.87406463461542,0.1,71.52050982325196,0.0038461538461538464,71.52025466678757,1.0
B_put,0.046153846153846156,71.49981365627663,0.0,0.0,1.0,0.0,True,0.3539473684210526,97.87406463461542,0.1,71.52050982325196,0.0038461538461538464,71.52025466678757,1.0
B_put,0.05,71.49782609234454,0.0,0.0,1.0,0.0,True,0.3539473684210526,97.87406463461542,0.1,71.52050982325196,0.0038461538461538464,71.52025466678757,1.0
B_put,0.05384615384615385,71.49590026220642,0.0,0.0,1.0,0.0,True,0.3539473684210526,97.87406463461542,0.1,71.52050982325196,0.0038461538461538464,71.52025466678757,1.0
B_put,0.05769230769230769,71.4940592918178,0.0,0.0,1.0,0.0,True,0.3539473684210526,97.87406463461542,0.1,71.52050982325196,0.0038461538461538464,71.52025466678757,1.0
B_put,0.06153846153846154,71.49233402202991,0.0,0.0,1.0,0.0,True,0.3539473684210526,97.87406463461542,0.1,71.52050982325196,0.0038461538461538464,71.52025466678757,1.0
B_put,0.06538461538461539,71.49076566523314,0.0,0.0,1.0,0.0,True,0.3539473684210526,97.87406463461542,0.1,71.52050982325196,0.0038461538461538464,71.52025466678757,1.0
B_put,0.06923076923076923,71.48940939877316,0.0,0.0,1.0,0.0,True,0.3539473684210526,97.87406463461542,0.1,71.52050982325196,0.0038461538461538464,71.52025466678757,1.0
B_put,0.07307692307692308,71.48833921867539,0.0,0.0,1.0,0.0,True,0.3539473684210526,97.87406463461542,0.1,71.52050982325196,0.0038461538461538464,71.52025466678757,1.0
B_put,0.07692307692307693,71.48765457262114,0.0,0.0,1.0,0.0,True,0.3539473684210526,97.87406463461542,0.1,71.52050982325196,0.0038461538461538464,71.52025466678757,1.0
B_put,0.08076923076923077,71.48749003991998,0.0,0.0,1.0,0.0,True,0.3539473684210526,97.87406463461542,0.1,71.52050982325196,0.0038461538461538464,71.52025466678757,1.0
B_put,0.08461538461538462,71.48803266642457,0.0,0.0,1.0,0.0,True,0.3539473684210526,97.87406463461542,0.1,71.52050982325196,0.0038461538461538464,71.52025466678757,1.0
B_put,0.08846153846153847,71.48956616732971,0.0,0.0,1.0,0.0,True,0.3539473684210526,97.87406463461542,0.1,71.52050982325196,0.0038461538461538464,71.52025466678757,1.0
B_put,0.09230769230769231,71.49261829354205,0.0,0.0,1.0,0.0,True,0.3539473684210526,97.87406463461542,0.1,71.52050982325196,0.0038461538461538464,71.52025466678757,1.0
B_put,0.09615384615384616,71.49842716038631,0.0,0.0,1.0,0.0,True,0.3539473684210526,97.87406463461542,0.1,71.52050982325196,0.0038461538461538464,71.52025466678757,1.0
B_put,0.1,71.52050982325196,0.0,0.0,1.0,0.0,True,0.3539473684210526,97.87406463461542,0.1,71.52050982325196,0.0038461538461538464,71.52025466678757,1.0
B_put,0.10394736842105264,71.56223359127317,0.0,0.0,1.0,0.0,True,0.3539473684210526,97.87406463461542,0.1,71.52050982325196,0.0038461538461538464,71.52025466678757,1.0
B_put,0.10789473684210527,71.55968974838589,0.0,0.0,1.0,0.0,True,0.3539473684210526,97.87406463461542,0.1,71.52050982325196,0.0038461538461538464,71.52025466678757,1.0
B_put,0.1118421052631579,71.55717443017518,0.0,0.0,1.0,0.0,True,0.3539473684210526,97.87406463461542,0.1,71.52050982325196,0.0038461538461538464,71.52025466678757,1.0
B_put,0.11578947368421053,71.55467250024563,0.0,0.0,1.0,0.0,True,0.3539473684210526,97.87406463461542,0.1,71.52050982325196,0.0038461538461538464,71.52025466678757,1.0
B_put,0.11973684210526317,71.55215284442232,0.0,0.0,1.0,0.0,True,0.3539473684210526,97.87406463461542,0.1,71.52050982325196,0.0038461538461538464,71.52025466678757,1.0
B_put,0.12368421052631579,71.54950083936002,0.0,0.0,1.0,0.0,True,0.3539473684210526,97.87406463461542,0.1,71.52050982325196,0.0038461538461538464,71.52025466678757,1.0
B_put,0.12763157894736843,71.54668903499304,0.0,0.0,1.0,0.0,True,0.3539473684210526,97.87406463461542,0.1,71.52050982325196,0.0038461538461538464,71.52025466678757,1.0
B_put,0.13157894736842105,71.54418092554104,0.0,0.0,1.0,0.0,True,0.3539473684210526,97.87406463461542,0.1,71.52050982325196,0.0038461538461538464,71.52025466678757,1.0
B_put,0.1355263157894737,71.54170184322071,0.0,0.0,1.0,0.0,True,0.3539473684210526,97.87406463461542,0.1,71.52050982325196,0.0038461538461538464,71.52025466678757,1.0
B_put,0.1394736842105263,71.53925061277154,0.0,0.0,1.0,0.0,True,0.3539473684210526,97.87406463461542,0.1,71.52050982325196,0.0038461538461538464,71.52025466678757,1.0
B_put,0.14342105263157895,71.53682606756355,0.0,0.0,1.0,0.0,True,0.3539473684210526,97.87406463461542,0.1,71.52050982325196,0.0038461538461538464,71.52025466678757,1.0
B_put,0.1473684210526316,71.53442704642025,0.0,0.0,1.0,0.0,True,0.3539473684210526,97.87406463461542,0.1,71.52050982325196,0.0038461538461538464,71.52025466678757,1.0
B_put,0.1513157894736842,71.53205238866657,0.0,0.0,1.0,0.0,True,0.3539473684210526,97.87406463461542,0.1,71.52050982325196,0.0038461538461538464,71.52025466678757,1.0
B_put,0.15526315789473685,71.52970092577443,0.0,0.0,1.0,0.0,True,0.3539473684210526,97.87406463461542,0.1,71.52050982325196,0.0038461538461538464,71.52025466678757,1.0
B_put,0.15921052631578947,71.52737146657464,0.0,0.0,1.0,0.0,True,0.3539473684210526,97.87406463461542,0.1,71.52050982325196,0.0038461538461538464,71.52025466678757,1.0
B_put,0.1631578947368421,71.5250627702922,0.0,0.0,1.0,0.0,True,0.3539473684210526,97.87406463461542,0.1,71.52050982325196,0.0038461538461538464,71.52025466678757,1.0
B_put,0.16710526315789476,71.52277349619604,4.2654359753944715e-11,4.2654359753944715e-11,1.0,0.0,True,0.3539473684210526,97.87406463461542,0.1,71.52050982325196,0.0038461538461538464,71.52025466678757,1.0
B_put,0.17105263157894737,71.52050210718065,8.49383709181226e-11,4.228401116417789e-11,1.0,0.0,True,0.3539473684210526,97.87406463461542,0.1,71.52050982325196,0.0038461538461538464,71.52025466678757,1.0
B_put,0.175,71.51824667880722,1.2293552243609e-10,3.799715151796741e-11,1.0,0.0,True,0.3539473684210526,97.87406463461542,0.1,71.52050982325196,0.0038461538461538464,71.52025466678757,1.0
B_put,0.17894736842105263,71.51600450268673,1.5825018293710584e-10,3.5314660501015834e-11,1.0,0.0,True,0.3539473684210526,97.87406463461542,0.1,71.52050982325196,0.0038461538461538464,71.52025466678757,1.0
B_put,0.18289473684210528,71.5137712033829,1.9209313109177927e-10,3.384294815467342e-11,1.0,0.0,True,0.3539473684210526,97.87406463461542,0.1,71.52050982325196,0.0038461538461538464,71.52025466678757,1.0
B_put,0.18684210526315792,71.51153855385631,2.253881163659185e-10,3.329498527413923e-11,1.0,0.0,True,0.3539473684210526,97.87406463461542,0.1,71.52050982325196,0.0038461538461538464,71.52025466678757,1.0
B_put,0.1907894736842105,71.50928805598966,2.588531235077587e-10,3.3465007141840183e-11,1.0,0.0,True,0.3539473684210526,97.87406463461542,0.1,71.52050982325196,0.0038461538461538464,71.52025466678757,1.0
B_put,0.19473684210526315,71.50696448515743,2.930371676030117e-10,3.4184044095253014e-11,1.0,0.0,True,0.3539473684210526,97.87406463461542,0.1,71.52050982325196,0.0038461538461538464,71.52025466678757,1.0
B_put,0.1986842105263158,71.50425414653165,3.282908486294573e-10,3.525368102644559e-11,1.0,0.0,True,0.3539473684210526,97.87406463461542,0.1,71.52050982325196,0.0038461538461538464,71.52025466678757,1.0
B_put,0.20263157894736844,71.50183235431577,3.652358331837333e-10,3.694498455427601e-11,1.0,0.0,True,0.3539473684210526,97.87406463461542,0.1,71.52050982325196,0.0038461538461538464,71.52025466678757,1.0
B_put,0.20657894736842106,71.49951806782458,4.0414839738298475e-10,3.891256419925145e-11,1.0,0.0,True,0.3539473684210526,97.87406463461542,0.1,71.52050982325196,0.0038461538461538464,71.52025466678757,1.0
B_put,0.21052631578947367,71.49733998878297,4.4535082184580546e-10,4.120242446282071e-11,1.0,0.0,True,0.3539473684210526,97.87406463461542,0.1,71.52050982325196,0.0038461538461538464,71.52025466678757,1.0
B_put,0.21447368421052632,71.49533955772499,4.891449061422279e-10,4.3794084296422464e-11,1.0,0.0,True,0.3539473684210526,97.87406463461542,0.1,71.52050982325196,0.0038461538461538464,71.52025466678757,1.0
B_put,0.21842105263157896,71.49357207486254,5.358254313004965e-10,4.668052515826855e-11,1.0,0.0,True,0.3539473684210526,97.87406463461542,0.1,71.52050982325196,0.0038461538461538464,71.52025466678757,1.0
B_put,0.22236842105263158,71.49211138864028,5.857075167863937e-10,4.988208548589718e-11,1.0,0.0,True,0.3539473684210526,97.87406463461542,0.1,71.52050982325196,0.0038461538461538464,71.52025466678757,1.0
B_put,0.2263157894736842,71.4910561205739,6.391127993138195e-10,5.3405282527425846e-11,1.0,0.0,True,0.3539473684210526,97.87406463461542,0.1,71.52050982325196,0.0038461538461538464,71.52025466678757,1.0
B_put,0.23026315789473684,71.49053836541526,6.964386997628991e-10,5.7325900449079646e-11,1.0,0.0,True,0.3539473684210526,97.87406463461542,0.1,71.52050982325196,0.0038461538461538464,71.52025466678757,1.0
B_put,0.23421052631578948,71.49073873083653,7.581311882127373e-10,6.169248844983815e-11,1.0,0.0,True,0.3539473684210526,97.87406463461542,0.1,71.52050982325196,0.0038461538461538464,71.52025466678757,1.0
B_put,0.2381578947368421,71.49192530064435,8.247715683523182e-10,6.664038013958086e-11,1.0,0.0,True,0.3539473684210526,97.87406463461542,0.1,71.52050982325196,0.0038461538461538464,71.52025466678757,1.0
B_put,0.24210526315789474,71.49458894652759,8.972382982920309e-10,7.246672993971277e-11,1.0,0.0,True,0.3539473684210526,97.87406463461542,0.1,71.52050982325196,0.0038461538461538464,71.52025466678757,1.0
B_put,0.24605263157894738,71.49987032701085,9.772017479247402e-10,7.996344963270923e-11,1.0,0.0,True,0.3539473684210526,97.87406463461542,0.1,71.52050982325196,0.0038461538461538464,71.52025466678757,1.0
B_put,0.25,71.52131026413161,2.192893730567254e-09,1.215691982642514e-09,1.0,0.0,True,0.3539473684210526,97.87406463461542,0.1,71.52050982325196,0.0038461538461538464,71.52025466678757,1.0
B_put,0.25384615384615383,71.56711235213348,2.4666437961512453e-09,2.7375006558399116e-10,1.0,0.0,True,0.3539473684210526,97.87406463461542,0.1,71.52050982325196,0.0038461538461538464,71.52025466678757,1.0
B_put,0.25769230769230766,71.56250055525292,2.6389487605116606e-09,1.7230496436041527e-10,1.0,0.0,True,0.3539473684210526,97.87406463461542,0.1,71.52050982325196,0.0038461538461538464,71.52025466678757,1.0
B_put,0.26153846153846155,71.55798952448481,2.820734068526179e-09,1.8178530801451842e-10,1.0,0.0,True,0.3539473684210526,97.87406463461542,0.1,71.52050982325196,0.0038461538461538464,71.52025466678757,1.0
B_put,0.2653846153846154,71.55349657484284,3.012163690198298e-09,1.9142962167211913e-10,1.0,0.0,True,0.3539473684210526,97.87406463461542,0.1,71.52050982325196,0.0038461538461538464,71.52025466678757,1.0
B_put,0.2692307692307692,71.54863477855284,3.212405450976159e-09,2.002417607778609e-10,1.0,0.0,True,0.3539473684210526,97.87406463461542,0.1,71.52050982325196,0.0038461538461538464,71.52025466678757,1.0
B_put,0.27307692307692305,71.54422570559622,3.4243062527379597e-09,2.1190080176180073e-10,1.0,0.0,True,0.3539473684210526,97.87406463461542,0.1,71.52050982325196,0.0038461538461538464,71.52025466678757,1.0
B_put,0.27692307692307694,71.54009577310512,3.6478923826774577e-09,2.2358612993949792e-10,1.0,0.0,True,0.3539473684210526,97.87406463461542,0.1,71.52050982325196,0.0038461538461538464,71.52025466678757,1.0
B_put,0.28076923076923077,71.53607446240642,3.8830969124003185e-09,2.352045297228609e-10,1.0,0.0,True,0.3539473684210526,97.87406463461542,0.1,71.52050982325196,0.0038461538461538464,71.52025466678757,1.0
B_put,0.2846153846153846,71.53216277185493,4.130391565022431e-09,2.472946526221122e-10,1.0,0.0,True,0.3539473684210526,97.87406463461542,0.1,71.52050982325196,0.0038461538461538464,71.52025466678757,1.0
B_put,0.28846153846153844,71.52836283961854,4.390272153440062e-09,2.598805884176313e-10,1.0,0.0,True,0.3539473684210526,97.87406463461542,0.1,71.52050982325196,0.0038461538461538464,71.52025466678757,1.0
B_put,0.29230769230769227,71.52467810320726,4.663249476700591e-09,2.7297732326052933e-10,1.0,0.0,True,0.3539473684210526,97.87406463461542,0.1,71.52050982325196,0.0038461538461538464,71.52025466678757,1.0
B_put,0.29615384615384616,71.52111340133426,4.949871927839213e-09,2.866224511386215e-10,1.0,0.0,True,0.3539473684210526,97.87406463461542,0.1,71.52050982325196,0.0038461538461538464,71.52025466678757,1.0
B_put,0.3,71.51767483037403,5.250704039799069e-09,3.0083211195985616e-10,1.0,0.0,True,0.3539473684210526,97.87406463461542,0.1,71.52050982325196,0.0038461538461538464,71.52025466678757,1.0
B_put,0.3038461538461538,71.51436874477866,5.5663422789690065e-09,3.1563823916993746e-10,1.0,0.0,True,0.3539473684210526,97.87406463461542,0.1,71.52050982325196,0.0038461538461538464,71.52025466678757,1.0
B_put,0.30769230769230765,71.51119755678673,5.897386318303773e-09,3.310440393347664e-10,1.0,0.0,True,0.3539473684210526,97.87406463461542,0.1,71.52050982325196,0.0038461538461538464,71.52025466678757,1.0
B_put,0.31153846153846154,71.5081392217485,6.244315510922536e-09,3.469291926187633e-10,1.0,0.0,True,0.3539473684210526,97.87406463461542,0.1,71.52050982325196,0.0038461538461538464,71.52025466678757,1.0
B_put,0.3153846153846154,71.50496304189042,6.6063189228544706e-09,3.620034119319344e-10,1.0,0.0,True,0.3539473684210526,97.87406463461542,0.1,71.52050982325196,0.0038461538461538464,71.52025466678757,1.0
B_put,0.3192307692307692,71.50224873295072,6.987540184563893e-09,3.812212617094228e-10,1.0,0.0,True,0.3539473684210526,97.87406463461542,0.1,71.52050982325196,0.0038461538461538464,71.52025466678757,1.0
B_put,0.32307692307692304,71.50005498854466,7.389385782418058e-09,4.018455978541649e-10,1.0,0.0,True,0.3539473684210526,97.87406463461542,0.1,71.52050982325196,0.0038461538461538464,71.52025466678757,1.0
B_put,0.3269230769230769,71.49843408518974,7.813347523138695e-09,4.23961740720637e-10,1.0,0.0,True,0.3539473684210526,97.87406463461542,0.1,71.52050982325196,0.0038461538461538464,71.52025466678757,1.0
B_put,0.33076923076923076,71.49752006732471,8.261692662384315e-09,4.4834513924561983e-10,1.0,0.0,True,0.3539473684210526,97.87406463461542,0.1,71.52050982325196,0.0038461538461538464,71.52025466678757,1.0
B_put,0.3346153846153846,71.49747821833908,8.73723313113504e-09,4.755404687507257e-10,1.0,0.0,True,0.3539473684210526,97.87406463461542,0.1,71.52050982325196,0.0038461538461538464,71.52025466678757,1.0
B_put,0.3384615384615384,71.49852515027257,9.243601356834692e-09,5.063682256996509e-10,1.0,0.0,True,0.3539473684210526,97.87406463461542,0.1,71.52050982325196,0.0038461538461538464,71.52025466678757,1.0
B_put,0.3423076923076923,71.50098345179806,9.78590955552719e-09,5.423081986924986e-10,1.0,0.0,True,0.3539473684210526,97.87406463461542,0.1,71.52050982325196,0.0038461538461538464,71.52025466678757,1.0
B_put,0.34615384615384615,71.5066609820092,1.0384108018579812e-08,5.981984630526216e-10,1.0,0.0,True,0.3539473684210526,97.87406463461542,0.1,71.52050982325196,0.0038461538461538464,71.52025466678757,1.0
B_put,0.35,71.53179415865279,2.1729536725965083e-08,1.1345428707385271e-08,1.0,0.0,True,0.3539473684210526,97.87406463461542,0.1,71.52050982325196,0.0038461538461538464,71.52025466678757,1.0
B_put,0.3539473684210526,97.87406463461542,0.5790797108033702,0.5790796890738334,0.8084637330389435,0.0,True,0.3539473684210526,97.87406463461542,0.1,71.52050982325196,0.0038461538461538464,71.52025466678757,1.0
B_put,0.35789473684210527,97.89817500565344,0.5826040672602188,0.0035243564568486763,0.8047174481318221,0.0,True,0.3539473684210526,97.87406463461542,0.1,71.52050982325196,0.0038461538461538464,71.52025466678757,1.0
B_put,0.36184210526315785,97.92537619857812,0.5866895590598271,0.004085491799608265,0.8006404992828061,0.0,True,0.3539473684210526,97.87406463461542,0.1,71.52050982325196,0.0038461538461538464,71.52025466678757,1.0
B_put,0.3657894736842105,97.95152015290917,0.5905179767393329,0.0038284176795058134,0.7966814501960031,0.0,True,0.3539473684210526,97.87406463461542,0.1,71.52050982325196,0.0038461538461538464,71.52025466678757,1.0
B_put,0.36973684210526314,97.97896509283626,0.5945490997672792,0.004031123027946282,0.7925834348791296,0.0,True,0.3539473684210526,97.87406463461542,0.1,71.52050982325196,0.0038461538461538464,71.52025466678757,1.0
B_put,0.3736842105263158,98.00676082762298,0.5985963327017363,0.004047232934457079,0.7884499404435299,0.0,True,0.3539473684210526,97.87406463461542,0.1,71.52050982325196,0.0038461538461538464,71.52025466678757,1.0
B_put,0.37763157894736843,98.03465739640681,0.6026115392735947,0.004015206571858387,0.784308944198149,0.0,True,0.3539473684210526,97.87406463461542,0.1,71.52050982325196,0.0038461538461538464,71.52025466678757,1.0
B_put,0.381578947368421,98.06382364203033,0.6068148957958983,0.004203356522303636,0.7800299992407321,0.0,True,0.3539473684210526,97.87406463461542,0.1,71.52050982325196,0.0038461538461538464,71.52025466678757,1.0
B_put,0.38552631578947366,98.09245179941703,0.6108642410943464,0.004049345298448137,0.7758153328314632,0.0,True,0.3539473684210526,97.87406463461542,0.1,71.52050982325196,0.0038461538461538464,71.52025466678757,1.0
B_put,0.3894736842105263,98.12279901331075,0.6151804547298937,0.004316213635547239,0.7714108977084287,0.0,True,0.3539473684210526,97.87406463461542,0.1,71.52050982325196,0.0038461538461538464,71.52025466678757,1.0
B_put,0.39342105263157895,98.15256033950261,0.6193335515215349,0.00415309679164122,0.7670770654539266,0.0,True,0.3539473684210526,97.87406463461542,0.1,71.52050982325196,0.0038461538461538464,71.52025466678757,1.0
B_put,0.39736842105263154,98.1839821868514,0.6237357804810769,0.0044022289595420094,0.7625584055913193,0.0,True,0.3539473684210526,97.87406463461542,0.1,71.52050982325196,0.0038461538461538464,71.52025466678757,1.0
B_put,0.4013157894736842,98.21545491439511,0.6280898761974864,0.004354095716409434,0.758038185656521,0.0,True,0.3539473684210526,97.87406463461542,0.1,71.52050982325196,0.0038461538461538464,71.52025466678757,1.0
B_put,0.4052631578947368,98.24789133655098,0.6325596617773841,0.004469785579897745,0.7534115956366876,0.0,True,0.3539473684210526,97.87406463461542,0.1,71.52050982325196,0.0038461538461538464,71.52025466678757,1.0
B_put,0.40921052631578947,98.28186518247436,0.6372431221964786,0.0046834604190945095,0.748611191404484,0.0,True,0.3539473684210526,97.87406463461542,0.1,71.52050982325196,0.0038461538461538464,71.52025466678757,1.0
B_put,0.41315789473684206,98.31501163716405,0.6417182922824329,0.0044751700859543275,0.7439116678461279,0.0,True,0.3539473684210526,97.87406463461542,0.1,71.52050982325196,0.0038461538461538464,71.52025466678757,1.0
B_put,0.41710526315789476,98.35173972791071,0.646757420233748,0.005039127951315114,0.7387977774274216,0.0,True,0.3539473684210526,97.87406463461542,0.1,71.52050982325196,0.0038461538461538464,71.52025466678757,1.0
B_put,0.42105263157894735,98.38591189524955,0.651285570202026,0.004528149968277995,0.7339886202311903,0.0,True,0.3539473684210526,97.87406463461542,0.1,71.52050982325196,0.0038461538461538464,71.52025466678757,1.0
B_put,0.425,98.42377379177053,0.6563827351306105,0.0050971649285844745,0.7287494003226038,0.0,True,0.3539473684210526,97.87406463461542,0.1,71.52050982325196,0.0038461538461538464,71.52025466678757,1.0
B_put,0.42894736842105263,98.46299487218499,0.661637153289559,0.0052544181589484484,0.7233526988286043,0.0,True,0.3539473684210526,97.87406463461542,0.1,71.52050982325196,0.0038461538461538464,71.52025466678757,1.0
B_put,0.4328947368421053,98.50066588549595,0.6665558021595536,0.004918648869994602,0.7181454686567271,0.0,True,0.3539473684210526,97.87406463461542,0.1,71.52050982325196,0.0038461538461538464,71.52025466678757,1.0
B_put,0.4368421052631579,98.54247405196166,0.6720893090218634,0.0055335068623098005,0.7124485153575231,0.0,True,0.3539473684210526,97.87406463461542,0.1,71.52050982325196,0.0038461538461538464,71.52025466678757,1.0
B_put,0.4407894736842105,98.58626675747159,0.6778637877667332,0.005774478744869804,0.7065163368545853,0.0,True,0.3539473684210526,97.87406463461542,0.1,71.52050982325196,0.0038461538461538464,71.52025466678757,1.0
B_put,0.44473684210526315,98.62756619071962,0.6831442157622672,0.005280427995534076,0.7008898795753072,0.0,True,0.3539473684210526,97.87406463461542,0.1,71.52050982325196,0.0038461538461538464,71.52025466678757,1.0
B_put,0.4486842105263158,98.67290524489135,0.6889906316703005,0.005846415908033253,0.6947799045285157,0.0,True,0.3539473684210526,97.87406463461542,0.1,71.52050982325196,0.0038461538461538464,71.52025466678757,1.0
B_put,0.4526315789473684,98.72149121195483,0.695255343280094,0.006264711609793472,0.6882788926412434,0.0,True,0.3539473684210526,97.87406463461542,0.1,71.52050982325196,0.0038461538461538464,71.52025466678757,1.0
B_put,0.45657894736842103,98.7728787678803,0.7018499508276164,0.006594607547522391,0.681438473085484,0.0,True,0.3539473684210526,97.87406463461542,0.1,71.52050982325196,0.0038461538461538464,71.52025466678757,1.0
B_put,0.4605263157894737,98.82685916920057,0.7087252190115257,0.006875268183909378,0.6742823337524352,0.0,True,0.3539473684210526,97.87406463461542,0.1,71.52050982325196,0.0038461538461538464,71.52025466678757,1.0
B_put,0.4644736842105263,98.8833592946871,0.7158534614531699,0.007128242441644117,0.666818163317763,0.0,True,0.3539473684210526,97.87406463461542,0.1,71.52050982325196,0.0038461538461538464,71.52025466678757,1.0
B_put,0.46842105263157896,98.9429301525923,0.7232998054047923,0.007446343951622469,0.6589766424612836,0.0,True,0.3539473684210526,97.87406463461542,0.1,71.52050982325196,0.0038461538461538464,71.52025466678757,1.0
B_put,0.47236842105263155,99.0062275021756,0.7311382836890261,0.007838478284233785,0.6506747336415395,0.0,True,0.3539473684210526,97.87406463461542,0.1,71.52050982325196,0.0038461538461538464,71.52025466678757,1.0
B_put,0.4763157894736842,99.07440259777997,0.7395056726044931,0.008367388915466956,0.6417666111431144,0.0,True,0.3539473684210526,97.87406463461542,0.1,71.52050982325196,0.0038461538461538464,71.52025466678757,1.0
B_put,0.48026315789473684,99.15052955921936,0.7487932537365476,0.009287581132054523,0.6318629876400018,0.0,True,0.3539473684210526,97.87406463461542,0.1,71.52050982325196,0.0038461538461538464,71.52025466678757,1.0
B_put,0.4842105263157895,99.23913009858083,0.7595455311693005,0.010752277432752866,0.6203861847205724,0.0,True,0.3539473684210526,97.87406463461542,0.1,71.52050982325196,0.0038461538461538464,71.52025466678757,1.0
B_put,0.4881578947368421,99.33643269486645,0.7711256163144026,0.011580085145102115,0.6078037863003509,0.0,True,0.3539473684210526,97.87406463461542,0.1,71.52050982325196,0.0038461538461538464,71.52025466678757,1.0
B_put,0.4921052631578947,99.45854886817419,0.7854892525536521,0.014363636239249522,0.5920588976679686,0.0,True,0.3539473684210526,97.87406463461542,0.1,71.52050982325196,0.0038461538461538464,71.52025466678757,1.0
B_put,0.4960526315789474,99.61950778167537,0.8039525231765259,0.018463270622873784,0.5713313675925022,0.0,True,0.3539473684210526,97.87406463461542,0.1,71.52050982325196,0.0038461538461538464,71.52025466678757,1.0
