scenario,t,b,p_marg,p_bs,has_boundary,t_star_prob,b_star_prob,t_star_bs_jump,b_star_bs_jump,p_star_bs_jump
A_call,0.0,105.43973277655651,0.0,0.0,True,0.00390625,105.42868407818678,0.0234375,105.37954428283517,1.7208456881689926e-15
A_call,0.00390625,105.42868407818678,3.7387355433793346e-09,0.0,True,0.00390625,105.42868407818678,0.0234375,105.37954428283517,1.7208456881689926e-15
A_call,0.0078125,105.41800508118602,8.532853645881744e-09,0.0,True,0.00390625,105.42868407818678,0.0234375,105.37954428283517,1.7208456881689926e-15
A_call,0.01171875,105.40944657239302,1.450247910650404e-08,0.0,True,0.00390625,105.42868407818678,0.0234375,105.37954428283517,1.7208456881689926e-15
A_call,0.015625,105.40019580145733,2.1895227297896724e-08,0.0,True,0.00390625,105.42868407818678,0.0234375,105.37954428283517,1.7208456881689926e-15
A_call,0.01953125,105.39022276582293,3.0972437836673805e-08,0.0,True,0.00390625,105.42868407818678,0.0234375,105.37954428283517,1.7208456881689926e-15
A_call,0.0234375,105.37954428283517,4.203493486620857e-08,1.7208456881689926e-15,True,0.00390625,105.42868407818678,0.0234375,105.37954428283517,1.7208456881689926e-15
A_call,0.02734375,105.36831383295429,5.5412950339395195e-08,1.7014167852380524e-13,True,0.00390625,105.42868407818678,0.0234375,105.37954428283517,1.7208456881689926e-15
A_call,0.03125,105.35722161994173,7.13887574610439e-08,5.350442311424786e-12,True,0.00390625,105.42868407818678,0.0234375,105.37954428283517,1.7208456881689926e-15
A_call,0.03515625,105.34784622857795,9.0025142562844e-08,7.769457299744431e-11,True,0.00390625,105.42868407818678,0.0234375,105.37954428283517,1.7208456881689926e-15
A_call,0.0390625,105.33844334111583,1.1191928628306869e-07,6.643041117193604e-10,True,0.00390625,105.42868407818678,0.0234375,105.37954428283517,1.7208456881689926e-15
A_call,0.04296875,105.32828040648823,1.3770877904661916e-07,3.879899124203945e-09,True,0.00390625,105.42868407818678,0.0234375,105.37954428283517,1.7208456881689926e-15
A_call,0.046875,105.31736703527184,1.6799159296976285e-07,1.7019652909233685e-08,True,0.00390625,105.42868407818678,0.0234375,105.37954428283517,1.7208456881689926e-15
A_call,0.05078125,105.3058482345449,2.0339198236740685e-07,5.984035689188261e-08,True,0.00390625,105.42868407818678,0.0234375,105.37954428283517,1.7208456881689926e-15
A_call,0.0546875,105.2944000863738,2.443224744741457e-07,1.761985805592836e-07,True,0.00390625,105.42868407818678,0.0234375,105.37954428283517,1.7208456881689926e-15
A_call,0.05859375,105.28461518991114,2.9051861138995605e-07,4.4681363337018e-07,True,0.00390625,105.42868407818678,0.0234375,105.37954428283517,1.7208456881689926e-15
A_call,0.0625,105.27493457083324,3.4328271447670033e-07,1.0101292772235482e-06,True,0.00390625,105.42868407818678,0.0234375,105.37954428283517,1.7208456881689926e-15
A_call,0.06640625,105.26445112178783,4.0405225421036306e-07,2.084983509897942e-06,True,0.00390625,105.42868407818678,0.0234375,105.37954428283517,1.7208456881689926e-15
A_call,0.0703125,105.25317754204043,4.7396866986737507e-07,3.988689306233528e-06,True,0.00390625,105.42868407818678,0.0234375,105.37954428283517,1.7208456881689926e-15
A_call,0.07421875,105.24128092590277,5.542347447651252e-07,7.152738630611388e-06,True,0.00390625,105.42868407818678,0.0234375,105.37954428283517,1.7208456881689926e-15
A_call,0.078125,105.2295447185654,6.455447540965054e-07,1.2106963776514768e-05,True,0.00390625,105.42868407818678,0.0234375,105.37954428283517,1.7208456881689926e-15
A_call,0.08203125,105.21979105959991,7.470782587004621e-07,1.9384885435902444e-05,True,0.00390625,105.42868407818678,0.0234375,105.37954428283517,1.7208456881689926e-15
A_call,0.0859375,105.20972952118028,8.639976337709854e-07,2.979565682498242e-05,True,0.00390625,105.42868407818678,0.0234375,105.37954428283517,1.7208456881689926e-15
A_call,0.08984375,105.19882661775362,1.0014095694899083e-06,4.426892223874379e-05,True,0.00390625,105.42868407818678,0.0234375,105.37954428283517,1.7208456881689926e-15
A_call,0.09375,105.18712063197817,1.1660109714428657e-06,6.383831733253187e-05,True,0.00390625,105.42868407818678,0.0234375,105.37954428283517,1.7208456881689926e-15
A_call,0.09765625,105.17489055958933,1.3673313682405208e-06,8.959956366794142e-05,True,0.00390625,105.42868407818678,0.0234375,105.37954428283517,1.7208456881689926e-15
A_call,0.1015625,105.16318044055151,1.6167609047101905e-06,0.0001224343507559844,True,0.00390625,105.42868407818678,0.0234375,105.37954428283517,1.7208456881689926e-15
A_call,0.10546875,105.15349681776652,1.92690655032024e-06,0.00016272880403278567,True,0.00390625,105.42868407818678,0.0234375,105.37954428283517,1.7208456881689926e-15
A_call,0.109375,105.14296308664599,2.3346202201457444e-06,0.0002125068313358902,True,0.00390625,105.42868407818678,0.0234375,105.37954428283517,1.7208456881689926e-15
A_call,0.11328125,105.1315640898015,2.8801900897601485e-06,0.00027316748166444915,True,0.00390625,105.42868407818678,0.0234375,105.37954428283517,1.7208456881689926e-15
A_call,0.1171875,105.1194042715531,3.6176236394291905e-06,0.0003461033356132459,True,0.00390625,105.42868407818678,0.0234375,105.37954428283517,1.7208456881689926e-15
A_call,0.12109375,105.10704917132519,4.612287877403531e-06,0.00043226603115498197,True,0.00390625,105.42868407818678,0.0234375,105.37954428283517,1.7208456881689926e-15
A_call,0.125,105.09602844520498,5.925074228918525e-06,0.0005311183263334018,True,0.00390625,105.42868407818678,0.0234375,105.37954428283517,1.7208456881689926e-15
A_call,0.12890625,105.08579962898006,7.651695109522905e-06,0.000643668964549593,True,0.00390625,105.42868407818678,0.0234375,105.37954428283517,1.7208456881689926e-15
A_call,0.1328125,105.07467372249239,9.949020528865482e-06,0.0007730274012560101,True,0.00390625,105.42868407818678,0.0234375,105.37954428283517,1.7208456881689926e-15
A_call,0.13671875,105.06266481956021,1.2983954267076214e-05,0.0009206829021876084,True,0.00390625,105.42868407818678,0.0234375,105.37954428283517,1.7208456881689926e-15
A_call,0.140625,105.04997514655626,1.6950970110563013e-05,0.0010877649106664222,True,0.00390625,105.42868407818678,0.0234375,105.37954428283517,1.7208456881689926e-15
A_call,0.14453125,105.0375584096133,2.2023285570771378e-05,0.0012733976522654178,True,0.00390625,105.42868407818678,0.0234375,105.37954428283517,1.7208456881689926e-15
A_call,0.1484375,105.02755389637181,2.8238602133745516e-05,0.0014722853956493087,True,0.00390625,105.42868407818678,0.0234375,105.37954428283517,1.7208456881689926e-15
A_call,0.15234375,105.01664428345224,3.6072147507448804e-05,0.001692861770173415,True,0.00390625,105.42868407818678,0.0234375,105.37954428283517,1.7208456881689926e-15
A_call,0.15625,105.0048145162963,4.587302816783101e-05,0.001936609078142526,True,0.00390625,105.42868407818678,0.0234375,105.37954428283517,1.7208456881689926e-15
A_call,0.16015625,104.99218637846239,5.80253070234793e-05,0.002204561969291474,True,0.00390625,105.42868407818678,0.0234375,105.37954428283517,1.7208456881689926e-15
A_call,0.1640625,104.97941993242824,7.283974674665572e-05,0.002495358957834648,True,0.00390625,105.42868407818678,0.0234375,105.37954428283517,1.7208456881689926e-15
A_call,0.16796875,104.96817507118583,9.029798640203257e-05,0.002801970723841807,True,0.00390625,105.42868407818678,0.0234375,105.37954428283517,1.7208456881689926e-15
A_call,0.171875,104.95733564095698,0.00011094036114422945,0.0031284042959441316,True,0.00390625,105.42868407818678,0.0234375,105.37954428283517,1.7208456881689926e-15
A_call,0.17578125,104.94553583001685,0.000135639962174805,0.003481784977210467,True,0.00390625,105.42868407818678,0.0234375,105.37954428283517,1.7208456881689926e-15
A_call,0.1796875,104.93284511091016,0.00016501487010667226,0.0038631662867357197,True,0.00390625,105.42868407818678,0.0234375,105.37954428283517,1.7208456881689926e-15
A_call,0.18359375,104.91972844610996,0.00019952602377637518,0.004270986014207778,True,0.00390625,105.42868407818678,0.0234375,105.37954428283517,1.7208456881689926e-15
A_call,0.1875,104.90754398492743,0.00023896740307705056,0.004696610378760735,True,0.00390625,105.42868407818678,0.0234375,105.37954428283517,1.7208456881689926e-15
A_call,0.19140625,104.89661107589507,0.00028337967409552967,0.005136325077105763,True,0.00390625,105.42868407818678,0.0234375,105.37954428283517,1.7208456881689926e-15
A_call,0.1953125,104.88467072895827,0.00033482233380954796,0.00560607500590421,True,0.00390625,105.42868407818678,0.0234375,105.37954428283517,1.7208456881689926e-15
A_call,0.19921875,104.87176643515126,0.0003941725318863387,0.006106994634937635,True,0.00390625,105.42868407818678,0.0234375,105.37954428283517,1.7208456881689926e-15
A_call,0.203125,104.85827941396778,0.00046199426676474253,0.006637135535474015,True,0.00390625,105.42868407818678,0.0234375,105.37954428283517,1.7208456881689926e-15
A_call,0.20703125,104.84546694567831,0.0005375615104786791,0.007185317357668863,True,0.00390625,105.42868407818678,0.0234375,105.37954428283517,1.7208456881689926e-15
A_call,0.2109375,104.8342775643654,0.0006197838512219667,0.00774061426689282,True,0.00390625,105.42868407818678,0.0234375,105.37954428283517,1.7208456881689926e-15
A_call,0.21484375,104.82202781654448,0.0007128320333833482,0.008328818367888013,True,0.00390625,105.42868407818678,0.0234375,105.37954428283517,1.7208456881689926e-15
A_call,0.21875,104.80876312850013,0.0008178333811778016,0.008951016952653379,True,0.00390625,105.42868407818678,0.0234375,105.37954428283517,1.7208456881689926e-15
A_call,0.22265625,104.79490277624222,0.0009352043956244449,0.009603791100810277,True,0.00390625,105.42868407818678,0.0234375,105.37954428283517,1.7208456881689926e-15
A_call,0.2265625,104.78178995133847,0.0010628992831892559,0.0102711239495627,True,0.00390625,105.42868407818678,0.0234375,105.37954428283517,1.7208456881689926e-15
A_call,0.23046875,104.7701953540553,0.001199025439579282,0.01094121452978103,True,0.00390625,105.42868407818678,0.0234375,105.37954428283517,1.7208456881689926e-15
A_call,0.234375,104.7574851097102,0.0013505183358050177,0.011647212735035384,True,0.00390625,105.42868407818678,0.0234375,105.37954428283517,1.7208456881689926e-15
A_call,0.23828125,104.74373573354276,0.0015186637157705851,0.012389754762042737,True,0.00390625,105.42868407818678,0.0234375,105.37954428283517,1.7208456881689926e-15
A_call,0.2421875,104.72952852019657,0.001703021954023165,0.013161744286039723,True,0.00390625,105.42868407818678,0.0234375,105.37954428283517,1.7208456881689926e-15
A_call,0.24609375,104.71648993818697,0.0018984897141445245,0.013938176618319698,True,0.00390625,105.42868407818678,0.0234375,105.37954428283517,1.7208456881689926e-15
A_call,0.25,104.70435983210807,0.0021055717006069896,0.014720683485429209,True,0.00390625,105.42868407818678,0.0234375,105.37954428283517,1.7208456881689926e-15
A_call,0.25390625,104.6910614698433,0.00233323644432204,0.015542385561989114,True,0.00390625,105.42868407818678,0.0234375,105.37954428283517,1.7208456881689926e-15
A_call,0.2578125,104.6767325912071,0.00258267102799814,0.016402738869817912,True,0.00390625,105.42868407818678,0.0234375,105.37954428283517,1.7208456881689926e-15
A_call,0.26171875,104.6622334416482,0.0028511121246372895,0.01728765245766012,True,0.00390625,105.42868407818678,0.0234375,105.37954428283517,1.7208456881689926e-15
A_call,0.265625,104.64968523915928,0.00312711524672149,0.018156795584836627,True,0.00390625,105.42868407818678,0.0234375,105.37954428283517,1.7208456881689926e-15
A_call,0.26953125,104.63691400410607,0.003422152149136437,0.019048592599289482,True,0.00390625,105.42868407818678,0.0234375,105.37954428283517,1.7208456881689926e-15
A_call,0.2734375,104.62295625717577,0.003743400789629092,0.01998259988567541,True,0.00390625,105.42868407818678,0.0234375,105.37954428283517,1.7208456881689926e-15
A_call,0.27734375,104.60813697509589,0.004090702211243968,0.020953968293302982,True,0.00390625,105.42868407818678,0.0234375,105.37954428283517,1.7208456881689926e-15
A_call,0.28125,104.59375654995671,0.004455851215398154,0.021935878022864674,True,0.00390625,105.42868407818678,0.0234375,105.37954428283517,1.7208456881689926e-15
A_call,0.28515625,104.5814702522299,0.004825034523446847,0.02289008384640695,True,0.00390625,105.42868407818678,0.0234375,105.37954428283517,1.7208456881689926e-15
A_call,0.2890625,104.5679459284736,0.00522446523668274,0.023888536183503062,True,0.00390625,105.42868407818678,0.0234375,105.37954428283517,1.7208456881689926e-15
A_call,0.29296875,104.55328863317554,0.0056555430149238806,0.02493078737855442,True,0.00390625,105.42868407818678,0.0234375,105.37954428283517,1.7208456881689926e-15
A_call,0.296875,104.53826544313497,0.006113009005810466,0.026000064742370543,True,0.00390625,105.42868407818678,0.0234375,105.37954428283517,1.7208456881689926e-15
A_call,0.30078125,104.52485153908168,0.006577117771234375,0.027047315836737973,True,0.00390625,105.42868407818678,0.0234375,105.37954428283517,1.7208456881689926e-15
A_call,0.3046875,104.51166565171305,0.00706063520394129,0.028104344375405876,True,0.00390625,105.42868407818678,0.0234375,105.37954428283517,1.7208456881689926e-15
A_call,0.30859375,104.49722245489644,0.007580842873313509,0.029209338771906457,True,0.00390625,105.42868407818678,0.0234375,105.37954428283517,1.7208456881689926e-15
A_call,0.3125,104.48189705879354,0.008135774987222177,0.030354287480970576,True,0.00390625,105.42868407818678,0.0234375,105.37954428283517,1.7208456881689926e-15
A_call,0.31640625,104.46707510952292,0.00870931813255249,0.031502237597711424,True,0.00390625,105.42868407818678,0.0234375,105.37954428283517,1.7208456881689926e-15
A_call,0.3203125,104.45405250331926,0.009282811438188654,0.032615073080802526,True,0.00390625,105.42868407818678,0.0234375,105.37954428283517,1.7208456881689926e-15
A_call,0.32421875,104.43968186115916,0.00989829820077115,0.03378000362816491,True,0.00390625,105.42868407818678,0.0234375,105.37954428283517,1.7208456881689926e-15
A_call,0.328125,104.42412470005166,0.010556331421945009,0.03499450162756146,True,0.00390625,105.42868407818678,0.0234375,105.37954428283517,1.7208456881689926e-15
A_call,0.33203125,104.40843623796367,0.011242863841966155,0.03622857913860045,True,0.00390625,105.42868407818678,0.0234375,105.37954428283517,1.7208456881689926e-15
A_call,0.3359375,104.39490064795095,0.01192013458894814,0.03741136915594084,True,0.00390625,105.42868407818678,0.0234375,105.37954428283517,1.7208456881689926e-15
A_call,0.33984375,104.38039932632337,0.012637888538784336,0.0386368294827264,True,0.00390625,105.42868407818678,0.0234375,105.37954428283517,1.7208456881689926e-15
A_call,0.34375,104.36458677916012,0.01340471445945024,0.03991758956395508,True,0.00390625,105.42868407818678,0.0234375,105.37954428283517,1.7208456881689926e-15
A_call,0.34765625,104.34837416811447,0.014206448590110776,0.04122587592082988,True,0.00390625,105.42868407818678,0.0234375,105.37954428283517,1.7208456881689926e-15
A_call,0.3515625,104.33384090973983,0.015002729646543145,0.042492265564095244,True,0.00390625,105.42868407818678,0.0234375,105.37954428283517,1.7208456881689926e-15
A_call,0.35546875,104.31891373119734,0.015832439111618024,0.04378405907167837,True,0.00390625,105.42868407818678,0.0234375,105.37954428283517,1.7208456881689926e-15
A_call,0.359375,104.30255800944259,0.016718849599030916,0.045137701222447146,True,0.00390625,105.42868407818678,0.0234375,105.37954428283517,1.7208456881689926e-15
A_call,0.36328125,104.28570832760795,0.017644660070788465,0.046522437077016754,True,0.00390625,105.42868407818678,0.0234375,105.37954428283517,1.7208456881689926e-15
A_call,0.3671875,104.27052638631748,0.018560697657475256,0.047860653377531814,True,0.00390625,105.42868407818678,0.0234375,105.37954428283517,1.7208456881689926e-15
A_call,0.37109375,104.25486087876082,0.019514619525699217,0.04922796138316293,True,0.00390625,105.42868407818678,0.0234375,105.37954428283517,1.7208456881689926e-15
A_call,0.375,104.23766265166013,0.0205339680494927,0.05066421444303193,True,0.00390625,105.42868407818678,0.0234375,105.37954428283517,1.7208456881689926e-15
A_call,0.37890625,104.22008107119377,0.021592947863678047,0.052128254477095626,True,0.00390625,105.42868407818678,0.0234375,105.37954428283517,1.7208456881689926e-15
A_call,0.3828125,104.20467246798701,0.022623522081039238,0.05352137269647239,True,0.00390625,105.42868407818678,0.0234375,105.37954428283517,1.7208456881689926e-15
A_call,0.38671875,104.18799334098158,0.023715653075567222,0.054974695716523136,True,0.00390625,105.42868407818678,0.0234375,105.37954428283517,1.7208456881689926e-15
A_call,0.390625,104.16991665134266,0.024876440794464716,0.05649538621590561,True,0.00390625,105.42868407818678,0.0234375,105.37954428283517,1.7208456881689926e-15
A_call,0.39453125,104.15206009266934,0.02606149565807836,0.05802000457083312,True,0.00390625,105.42868407818678,0.0234375,105.37954428283517,1.7208456881689926e-15
A_call,0.3984375,104.1358833497136,0.027224970736688503,0.05948745974206049,True,0.00390625,105.42868407818678,0.0234375,105.37954428283517,1.7208456881689926e-15
A_call,0.40234375,104.11784860057688,0.0284743243647696,0.06104260590451044,True,0.00390625,105.42868407818678,0.0234375,105.37954428283517,1.7208456881689926e-15
A_call,0.40625,104.09889907174158,0.029783930357670907,0.06264849662325622,True,0.00390625,105.42868407818678,0.0234375,105.37954428283517,1.7208456881689926e-15
A_call,0.41015625,104.08147534692222,0.031073683854249357,0.06420103165346858,True,0.00390625,105.42868407818678,0.0234375,105.37954428283517,1.7208456881689926e-15
A_call,0.4140625,104.06355226347198,0.032409345984349525,0.06578579946524482,True,0.00390625,105.42868407818678,0.0234375,105.37954428283517,1.7208456881689926e-15
A_call,0.41796875,104.04403841498889,0.033831384480343396,0.06745196464414221,True,0.00390625,105.42868407818678,0.0234375,105.37954428283517,1.7208456881689926e-15
A_call,0.421875,104.0247667127374,0.03527673751964411,0.0691195164119644,True,0.00390625,105.42868407818678,0.0234375,105.37954428283517,1.7208456881689926e-15
A_call,0.42578125,104.00657967060265,0.03671227450933978,0.07074908208677522,True,0.00390625,105.42868407818678,0.0234375,105.37954428283517,1.7208456881689926e-15
A_call,0.4296875,103.98630725045206,0.03825825453155307,0.0724853750180054,True,0.00390625,105.42868407818678,0.0234375,105.37954428283517,1.7208456881689926e-15
A_call,0.43359375,103.96551286721173,0.03985825540285248,0.07425851681035128,True,0.00390625,105.42868407818678,0.0234375,105.37954428283517,1.7208456881689926e-15
A_call,0.4375,103.94647616189616,0.041419373272061355,0.07596040494254819,True,0.00390625,105.42868407818678,0.0234375,105.37954428283517,1.7208456881689926e-15
A_call,0.44140625,103.92504003487083,0.043111946929373035,0.07778831012697102,True,0.00390625,105.42868407818678,0.0234375,105.37954428283517,1.7208456881689926e-15
A_call,0.4453125,103.90281433638475,0.04487352943690093,0.07966769119153982,True,0.00390625,105.42868407818678,0.0234375,105.37954428283517,1.7208456881689926e-15
A_call,0.44921875,103.88199035602939,0.04660827887029351,0.08149088141058514,True,0.00390625,105.42868407818678,0.0234375,105.37954428283517,1.7208456881689926e-15
A_call,0.453125,103.8586572148291,0.04849069005593831,0.0834516500536388,True,0.00390625,105.42868407818678,0.0234375,105.37954428283517,1.7208456881689926e-15
A_call,0.45703125,103.83471054782129,0.05043985677035834,0.08545797860370491,True,0.00390625,105.42868407818678,0.0234375,105.37954428283517,1.7208456881689926e-15
A_call,0.4609375,103.8105098309178,0.0524401615860296,0.08749215925877035,True,0.00390625,105.42868407818678,0.0234375,105.37954428283517,1.7208456881689926e-15
A_call,0.46484375,103.78399124309162,0.054594805727475104,0.0896626458529039,True,0.00390625,105.42868407818678,0.0234375,105.37954428283517,1.7208456881689926e-15
A_call,0.46875,103.75768232270576,0.05678314180583377,0.09183955786474873,True,0.00390625,105.42868407818678,0.0234375,105.37954428283517,1.7208456881689926e-15
A_call,0.47265625,103.72862249567575,0.0591592315165792,0.09418186476771157,True,0.00390625,105.42868407818678,0.0234375,105.37954428283517,1.7208456881689926e-15
A_call,0.4765625,103.69824687563825,0.061656632944022016,0.09661689089791886,True,0.00390625,105.42868407818678,0.0234375,105.37954428283517,1.7208456881689926e-15
A_call,0.48046875,103.66512560773127,0.06435995164587405,0.09922699341871188,True,0.00390625,105.42868407818678,0.0234375,105.37954428283517,1.7208456881689926e-15
A_call,0.484375,103.62944558319485,0.06727070999389406,0.10200821222296391,True,0.00390625,105.42868407818678,0.0234375,105.37954428283517,1.7208456881689926e-15
A_call,0.48828125,103.58917175539014,0.0705210748809999,0.10508433189826666,True,0.00390625,105.42868407818678,0.0234375,105.37954428283517,1.7208456881689926e-15
A_call,0.4921875,103.54436081548656,0.07413202890371928,0.10846542253614677,True,0.00390625,105.42868407818678,0.0234375,105.37954428283517,1.7208456881689926e-15
A_call,0.49609375,103.47451584838741,0.07943490032897249,0.11340091740651942,True,0.00390625,105.42868407818678,0.0234375,105.37954428283517,1.7208456881689926e-15
B_call,0.0,133.02100955098564,0.0,0.0,True,0.1,105.33432835739781,0.1,105.33432835739781,9.143204100658942e-05
B_call,0.0038461538461538464,133.0191891317758,0.0,0.0,True,0.1,105.33432835739781,0.1,105.33432835739781,9.143204100658942e-05
B_call,0.007692307692307693,133.01729606127736,0.0,0.0,True,0.1,105.33432835739781,0.1,105.33432835739781,9.143204100658942e-05
B_call,0.011538461538461539,133.0153247868566,0.0,0.0,True,0.1,105.33432835739781,0.1,105.33432835739781,9.143204100658942e-05
B_call,0.015384615384615385,133.01326911879144,0.0,0.0,True,0.1,105.33432835739781,0.1,105.33432835739781,9.143204100658942e-05
B_call,0.019230769230769232,133.01112213215347,0.0,0.0,True,0.1,105.33432835739781,0.1,105.33432835739781,9.143204100658942e-05
B_call,0.023076923076923078,133.0088760499239,0.0,0.0,True,0.1,105.33432835739781,0.1,105.33432835739781,9.143204100658942e-05
B_call,0.026923076923076925,133.00652210326447,0.0,0.0,True,0.1,105.33432835739781,0.1,105.33432835739781,9.143204100658942e-05
B_call,0.03076923076923077,133.00405036398894,0.0,0.0,True,0.1,105.33432835739781,0.1,105.33432835739781,9.143204100658942e-05
B_call,0.03461538461538462,133.00144954344398,0.0,0.0,True,0.1,105.33432835739781,0.1,105.33432835739781,9.143204100658942e-05
B_call,0.038461538461538464,132.99870675130214,0.0,0.0,True,0.1,105.33432835739781,0.1,105.33432835739781,9.143204100658942e-05
B_call,0.04230769230769231,132.9958072079209,0.0,0.0,True,0.1,105.33432835739781,0.1,105.33432835739781,9.143204100658942e-05
B_call,0.046153846153846156,132.9927339062282,0.0,0.0,True,0.1,105.33432835739781,0.1,105.33432835739781,9.143204100658942e-05
B_call,0.05,132.9894672269779,0.0,0.0,True,0.1,105.33432835739781,0.1,105.33432835739781,9.143204100658942e-05
B_call,0.05384615384615385,132.98598453315714,0.0,0.0,True,0.1,105.33432835739781,0.1,105.33432835739781,9.143204100658942e-05
B_call,0.05769230769230769,132.98225982718827,0.0,0.0,True,0.1,105.33432835739781,0.1,105.33432835739781,9.143204100658942e-05
B_call,0.06153846153846154,132.9782637092981,0.0,0.0,True,0.1,105.33432835739781,0.1,105.33432835739781,9.143204100658942e-05
B_call,0.06538461538461539,132.97396431441288,0.0,0.0,True,0.1,105.33432835739781,0.1,105.33432835739781,9.143204100658942e-05
B_call,0.06923076923076923,132.96933128884027,0.0,0.0,True,0.1,105.33432835739781,0.1,105.33432835739781,9.143204100658942e-05
B_call,0.07307692307692308,132.96435010963881,0.0,0.0,True,0.1,105.33432835739781,0.1,105.33432835739781,9.143204100658942e-05
B_call,0.07692307692307693,132.9590826228869,0.0,0.0,True,0.1,105.33432835739781,0.1,105.33432835739781,9.143204100658942e-05
B_call,0.08076923076923077,132.95335269541425,0.0,0.0,True,0.1,105.33432835739781,0.1,105.33432835739781,9.143204100658942e-05
B_call,0.08461538461538462,132.9420603950225,0.0,0.0,True,0.1,105.33432835739781,0.1,105.33432835739781,9.143204100658942e-05
B_call,0.08846153846153847,132.9276956825426,0.0,0.0,True,0.1,105.33432835739781,0.1,105.33432835739781,9.143204100658942e-05
B_call,0.09230769230769231,132.9084139875512,0.0,0.0,True,0.1,105.33432835739781,0.1,105.33432835739781,9.143204100658942e-05
B_call,0.09615384615384616,132.88098504899077,0.0,0.0,True,0.1,105.33432835739781,0.1,105.33432835739781,9.143204100658942e-05
B_call,0.1,105.33432835739781,1.0743489409215101e-06,9.143204100658942e-05,True,0.1,105.33432835739781,0.1,105.33432835739781,9.143204100658942e-05
B_call,0.10394736842105264,133.0317193362296,0.0,0.0,True,0.1,105.33432835739781,0.1,105.33432835739781,9.143204100658942e-05
B_call,0.10789473684210527,133.03044739357992,0.0,0.0,True,0.1,105.33432835739781,0.1,105.33432835739781,9.143204100658942e-05
B_call,0.1118421052631579,133.0291393064539,0.0,0.0,True,0.1,105.33432835739781,0.1,105.33432835739781,9.143204100658942e-05
B_call,0.11578947368421053,133.0277931067239,7.771561172376096e-16,0.0,True,0.1,105.33432835739781,0.1,105.33432835739781,9.143204100658942e-05
B_call,0.11973684210526317,133.02640666598066,0.0,0.0,True,0.1,105.33432835739781,0.1,105.33432835739781,9.143204100658942e-05
B_call,0.12368421052631579,133.0249776779637,4.440892098500626e-16,0.0,True,0.1,105.33432835739781,0.1,105.33432835739781,9.143204100658942e-05
B_call,0.12763157894736843,133.02350363856476,3.3306690738754696e-16,0.0,True,0.1,105.33432835739781,0.1,105.33432835739781,9.143204100658942e-05
B_call,0.13157894736842105,133.02198182298693,1.1102230246251565e-16,0.0,True,0.1,105.33432835739781,0.1,105.33432835739781,9.143204100658942e-05
B_call,0.1355263157894737,133.0204092595726,1.1102230246251565e-15,0.0,True,0.1,105.33432835739781,0.1,105.33432835739781,9.143204100658942e-05
B_call,0.1394736842105263,133.0187826997184,3.3306690738754696e-16,0.0,True,0.1,105.33432835739781,0.1,105.33432835739781,9.143204100658942e-05
B_call,0.14342105263157895,133.01709858315678,0.0,0.0,True,0.1,105.33432835739781,0.1,105.33432835739781,9.143204100658942e-05
B_call,0.1473684210526316,133.01535299779107,0.0,0.0,True,0.1,105.33432835739781,0.1,105.33432835739781,9.143204100658942e-05
B_call,0.1513157894736842,133.01354163301085,4.440892098500626e-16,0.0,True,0.1,105.33432835739781,0.1,105.33432835739781,9.143204100658942e-05
B_call,0.15526315789473685,133.01165972528852,0.0,0.0,True,0.1,105.33432835739781,0.1,105.33432835739781,9.143204100658942e-05
B_call,0.15921052631578947,133.00970199452877,0.0,0.0,True,0.1,105.33432835739781,0.1,105.33432835739781,9.143204100658942e-05
B_call,0.1631578947368421,133.00766256938678,0.0,0.0,True,0.1,105.33432835739781,0.1,105.33432835739781,9.143204100658942e-05
B_call,0.16710526315789476,133.00553489936786,0.0,0.0,True,0.1,105.33432835739781,0.1,105.33432835739781,9.143204100658942e-05
B_call,0.17105263157894737,133.00331165116097,0.0,0.0,True,0.1,105.33432835739781,0.1,105.33432835739781,9.143204100658942e-05
B_call,0.175,133.00098458626755,0.0,0.0,True,0.1,105.33432835739781,0.1,105.33432835739781,9.143204100658942e-05
B_call,0.17894736842105263,132.99854441664462,0.0,0.0,True,0.1,105.33432835739781,0.1,105.33432835739781,9.143204100658942e-05
B_call,0.18289473684210528,132.99598063520216,0.0,0.0,True,0.1,105.33432835739781,0.1,105.33432835739781,9.143204100658942e-05
B_call,0.18684210526315792,132.99328131876945,0.0,0.0,True,0.1,105.33432835739781,0.1,105.33432835739781,9.143204100658942e-05
B_call,0.1907894736842105,132.9904329040546,0.0,0.0,True,0.1,105.33432835739781,0.1,105.33432835739781,9.143204100658942e-05
B_call,0.19473684210526315,132.98741994441954,1.7763568394002505e-15,0.0,True,0.1,105.33432835739781,0.1,105.33432835739781,9.143204100658942e-05
B_call,0.1986842105263158,132.98422487328884,5.551115123125783e-16,0.0,True,0.1,105.33432835739781,0.1,105.33432835739781,9.143204100658942e-05
B_call,0.20263157894736844,132.98082784334113,0.0,0.0,True,0.1,105.33432835739781,0.1,105.33432835739781,9.143204100658942e-05
B_call,0.20657894736842106,132.9772068189833,1.4432899320127035e-15,0.0,True,0.1,105.33432835739781,0.1,105.33432835739781,9.143204100658942e-05
B_call,0.21052631578947367,132.97333838692373,0.0,0.0,True,0.1,105.33432835739781,0.1,105.33432835739781,9.143204100658942e-05
B_call,0.21447368421052632,132.96920059286435,1.6653345369377348e-15,0.0,True,0.1,105.33432835739781,0.1,105.33432835739781,9.143204100658942e-05
B_call,0.21842105263157896,132.9647819937914,2.3314683517128287e-15,0.0,True,0.1,105.33432835739781,0.1,105.33432835739781,9.143204100658942e-05
B_call,0.22236842105263158,132.96011385702545,0.0,0.0,True,0.1,105.33432835739781,0.1,105.33432835739781,9.143204100658942e-05
B_call,0.2263157894736842,132.95543501529548,0.0,0.0,True,0.1,105.33432835739781,0.1,105.33432835739781,9.143204100658942e-05
B_call,0.23026315789473684,132.94715897750376,0.0,0.0,True,0.1,105.33432835739781,0.1,105.33432835739781,9.143204100658942e-05
B_call,0.23421052631578948,132.93605492776052,0.0,0.0,True,0.1,105.33432835739781,0.1,105.33432835739781,9.143204100658942e-05
B_call,0.2381578947368421,132.92207148542104,0.0,0.0,True,0.1,105.33432835739781,0.1,105.33432835739781,9.143204100658942e-05
B_call,0.24210526315789474,132.9035800727702,0.0,0.0,True,0.1,105.33432835739781,0.1,105.33432835739781,9.143204100658942e-05
B_call,0.24605263157894738,132.8779160401355,0.0,0.0,True,0.1,105.33432835739781,0.1,105.33432835739781,9.143204100658942e-05
B_call,0.25,100.2086409661224,0.28356406870187256,0.4783820492219467,True,0.1,105.33432835739781,0.1,105.33432835739781,9.143204100658942e-05
B_call,0.25384615384615383,133.01918911468113,0.0,0.0,True,0.1,105.33432835739781,0.1,105.33432835739781,9.143204100658942e-05
B_call,0.25769230769230766,133.01729604394936,0.0,0.0,True,0.1,105.33432835739781,0.1,105.33432835739781,9.143204100658942e-05
B_call,0.26153846153846155,133.0153247691079,0.0,0.0,True,0.1,105.33432835739781,0.1,105.33432835739781,9.143204100658942e-05
B_call,0.2653846153846154,133.01326910041232,0.0,0.0,True,0.1,105.33432835739781,0.1,105.33432835739781,9.143204100658942e-05
B_call,0.2692307692307692,133.0111221129057,0.0,0.0,True,0.1,105.33432835739781,0.1,105.33432835739781,9.143204100658942e-05
B_call,0.27307692307692305,133.0088760295316,0.0,0.0,True,0.1,105.33432835739781,0.1,105.33432835739781,9.143204100658942e-05
B_call,0.27692307692307694,133.00652208140045,4.440892098500626e-16,0.0,True,0.1,105.33432835739781,0.1,105.33432835739781,9.143204100658942e-05
B_call,0.28076923076923077,133.00405034025863,1.2212453270876722e-15,0.0,True,0.1,105.33432835739781,0.1,105.33432835739781,9.143204100658942e-05
B_call,0.2846153846153846,133.00144951736127,1.4432899320127035e-15,0.0,True,0.1,105.33432835739781,0.1,105.33432835739781,9.143204100658942e-05
B_call,0.28846153846153844,132.99870672226754,2.220446049250313e-16,0.0,True,0.1,105.33432835739781,0.1,105.33432835739781,9.143204100658942e-05
B_call,0.29230769230769227,132.99580717518765,0.0,0.0,True,0.1,105.33432835739781,0.1,105.33432835739781,9.143204100658942e-05
B_call,0.29615384615384616,132.99273386883542,0.0,0.0,True,0.1,105.33432835739781,0.1,105.33432835739781,9.143204100658942e-05
B_call,0.3,132.9894671836589,5.551115123125783e-16,0.0,True,0.1,105.33432835739781,0.1,105.33432835739781,9.143204100658942e-05
B_call,0.3038461538461538,132.98598448220662,1.2212453270876722e-15,0.0,True,0.1,105.33432835739781,0.1,105.33432835739781,9.143204100658942e-05
B_call,0.30769230769230765,132.98225976623587,1.7763568394002505e-15,0.0,True,0.1,105.33432835739781,0.1,105.33432835739781,9.143204100658942e-05
B_call,0.31153846153846154,132.97826363497788,0.0,0.0,True,0.1,105.33432835739781,0.1,105.33432835739781,9.143204100658942e-05
B_call,0.3153846153846154,132.973964221883,0.0,0.0,True,0.1,105.33432835739781,0.1,105.33432835739781,9.143204100658942e-05
B_call,0.3192307692307692,132.9693311710125,8.881784197001252e-16,0.0,True,0.1,105.33432835739781,0.1,105.33432835739781,9.143204100658942e-05
B_call,0.32307692307692304,132.9643499566433,3.3306690738754696e-16,0.0,True,0.1,105.33432835739781,0.1,105.33432835739781,9.143204100658942e-05
B_call,0.3269230769230769,132.95908242859392,0.0,0.0,True,0.1,105.33432835739781,0.1,105.33432835739781,9.143204100658942e-05
B_call,0.33076923076923076,132.9533521101037,1.1102230246251565e-15,0.0,True,0.1,105.33432835739781,0.1,105.33432835739781,9.143204100658942e-05
B_call,0.3346153846153846,132.94205907063593,5.551115123125783e-16,0.0,True,0.1,105.33432835739781,0.1,105.33432835739781,9.143204100658942e-05
B_call,0.3384615384615384,132.927690695742,1.1102230246251565e-15,0.0,True,0.1,105.33432835739781,0.1,105.33432835739781,9.143204100658942e-05
B_call,0.3423076923076923,132.90837958844534,0.0,0.0,True,0.1,105.33432835739781,0.1,105.33432835739781,9.143204100658942e-05
B_call,0.34615384615384615,132.88073506571405,4.440892098500626e-16,0.0,True,0.1,105.33432835739781,0.1,105.33432835739781,9.143204100658942e-05
B_call,0.35,100.28309739672984,0.16205878149700126,0.4749531042365874,True,0.1,105.33432835739781,0.1,105.33432835739781,9.143204100658942e-05
B_call,0.3539473684210526,133.03171933959808,0.0,0.0,True,0.1,105.33432835739781,0.1,105.33432835739781,9.143204100658942e-05
B_call,0.35789473684210527,133.0304473971509,0.0,0.0,True,0.1,105.33432835739781,0.1,105.33432835739781,9.143204100658942e-05
B_call,0.36184210526315785,133.0291393102286,0.0,0.0,True,0.1,105.33432835739781,0.1,105.33432835739781,9.143204100658942e-05
B_call,0.3657894736842105,133.02779311070404,0.0,0.0,True,0.1,105.33432835739781,0.1,105.33432835739781,9.143204100658942e-05
B_call,0.36973684210526314,133.02640667016627,0.0,0.0,True,0.1,105.33432835739781,0.1,105.33432835739781,9.143204100658942e-05
B_call,0.3736842105263158,133.02497768234932,0.0,0.0,True,0.1,105.33432835739781,0.1,105.33432835739781,9.143204100658942e-05
B_call,0.37763157894736843,133.02350364314475,8.881784197001252e-16,0.0,True,0.1,105.33432835739781,0.1,105.33432835739781,9.143204100658942e-05
B_call,0.381578947368421,133.02198182775754,0.0,0.0,True,0.1,105.33432835739781,0.1,105.33432835739781,9.143204100658942e-05
B_call,0.38552631578947366,133.02040926452952,0.0,0.0,True,0.1,105.33432835739781,0.1,105.33432835739781,9.143204100658942e-05
B_call,0.3894736842105263,133.01878270485153,2.220446049250313e-16,0.0,True,0.1,105.33432835739781,0.1,105.33432835739781,9.143204100658942e-05
B_call,0.39342105263157895,133.01709858845567,0.0,0.0,True,0.1,105.33432835739781,0.1,105.33432835739781,9.143204100658942e-05
B_call,0.39736842105263154,133.01535300323414,7.771561172376096e-16,0.0,True,0.1,105.33432835739781,0.1,105.33432835739781,9.143204100658942e-05
B_call,0.4013157894736842,133.0135416385789,0.0,0.0,True,0.1,105.33432835739781,0.1,105.33432835739781,9.143204100658942e-05
B_call,0.4052631578947368,133.01165973095894,0.0,0.0,True,0.1,105.33432835739781,0.1,105.33432835739781,9.143204100658942e-05
B_call,0.40921052631578947,133.00970200027433,0.0,0.0,True,0.1,105.33432835739781,0.1,105.33432835739781,9.143204100658942e-05
B_call,0.41315789473684206,133.0076625751684,0.0,0.0,True,0.1,105.33432835739781,0.1,105.33432835739781,9.143204100658942e-05
B_call,0.41710526315789476,133.00553490513164,5.551115123125783e-16,0.0,True,0.1,105.33432835739781,0.1,105.33432835739781,9.143204100658942e-05
B_call,0.42105263157894735,133.0033116568637,0.0,0.0,True,0.1,105.33432835739781,0.1,105.33432835739781,9.143204100658942e-05
B_call,0.425,133.00098459187413,0.0,0.0,True,0.1,105.33432835739781,0.1,105.33432835739781,9.143204100658942e-05
B_call,0.42894736842105263,132.9985444221259,7.771561172376096e-16,0.0,True,0.1,105.33432835739781,0.1,105.33432835739781,9.143204100658942e-05
B_call,0.4328947368421053,132.99598064052873,0.0,0.0,True,0.1,105.33432835739781,0.1,105.33432835739781,9.143204100658942e-05
B_call,0.4368421052631579,132.99328132393168,0.0,0.0,True,0.1,105.33432835739781,0.1,105.33432835739781,9.143204100658942e-05
B_call,0.4407894736842105,132.9904329091028,0.0,0.0,True,0.1,105.33432835739781,0.1,105.33432835739781,9.143204100658942e-05
B_call,0.44473684210526315,132.98741994950677,0.0,0.0,True,0.1,105.33432835739781,0.1,105.33432835739781,9.143204100658942e-05
B_call,0.4486842105263158,132.98422487869877,5.551115123125783e-16,0.0,True,0.1,105.33432835739781,0.1,105.33432835739781,9.143204100658942e-05
B_call,0.4526315789473684,132.9808278495647,0.0,0.0,True,0.1,105.33432835739781,0.1,105.33432835739781,9.143204100658942e-05
B_call,0.45657894736842103,132.97720682675202,4.440892098500626e-16,0.0,True,0.1,105.33432835739781,0.1,105.33432835739781,9.143204100658942e-05
B_call,0.4605263157894737,132.97333839699934,1.2212453270876722e-15,0.0,True,0.1,105.33432835739781,0.1,105.33432835739781,9.143204100658942e-05
B_call,0.4644736842105263,132.96920060503797,0.0,0.0,True,0.1,105.33432835739781,0.1,105.33432835739781,9.143204100658942e-05
B_call,0.46842105263157896,132.96478200755007,0.0,0.0,True,0.1,105.33432835739781,0.1,105.33432835739781,9.143204100658942e-05
B_call,0.47236842105263155,132.96011387234157,0.0,0.0,True,0.1,105.33432835739781,0.1,105.33432835739781,9.143204100658942e-05
B_call,0.4763157894736842,132.955435033791,0.0,0.0,True,0.1,105.33432835739781,0.1,105.33432835739781,9.143204100658942e-05
B_call,0.48026315789473684,132.9471590832055,1.1102230246251565e-16,0.0,True,0.1,105.33432835739781,0.1,105.33432835739781,9.143204100658942e-05
B_call,0.4842105263157895,132.93605549895193,0.0,0.0,True,0.1,105.33432835739781,0.1,105.33432835739781,9.143204100658942e-05
B_call,0.4881578947368421,132.92207555111014,6.661338147750939e-16,0.0,True,0.1,105.33432835739781,0.1,105.33432835739781,9.143204100658942e-05
B_call,0.4921052631578947,132.90361468288881,0.0,0.0,True,0.1,105.33432835739781,0.1,105.33432835739781,9.143204100658942e-05
B_call,0.4960526315789474,132.87816198837373,1.6653345369377348e-15,0.0,True,0.1,105.33432835739781,0.1,105.33432835739781,9.143204100658942e-05
A_put,0.0,76.77730769482012,0.0,0.0,True,0.0859375,76.83758498339739,0.4921875,77.53689727974374,1.1102230246251565e-16
A_put,0.00390625,76.78031343896545,0.0,0.0,True,0.0859375,76.83758498339739,0.4921875,77.53689727974374,1.1102230246251565e-16
A_put,0.0078125,76.78297287752896,0.0,0.0,True,0.0859375,76.83758498339739,0.4921875,77.53689727974374,1.1102230246251565e-16
A_put,0.01171875,76.78515905952466,0.0,0.0,True,0.0859375,76.83758498339739,0.4921875,77.53689727974374,1.1102230246251565e-16
A_put,0.015625,76.78741844416477,0.0,0.0,True,0.0859375,76.83758498339739,0.4921875,77.53689727974374,1.1102230246251565e-16
A_put,0.01953125,76.78975401617703,0.0,0.0,True,0.0859375,76.83758498339739,0.4921875,77.53689727974374,1.1102230246251565e-16
A_put,0.0234375,76.7921687900139,0.0,0.0,True,0.0859375,76.83758498339739,0.4921875,77.53689727974374,1.1102230246251565e-16
A_put,0.02734375,76.7946657634761,0.0,0.0,True,0.0859375,76.83758498339739,0.4921875,77.53689727974374,1.1102230246251565e-16
A_put,0.03125,76.79724784792,0.0,0.0,True,0.0859375,76.83758498339739,0.4921875,77.53689727974374,1.1102230246251565e-16
A_put,0.03515625,76.79991776256745,0.0,0.0,True,0.0859375,76.83758498339739,0.4921875,77.53689727974374,1.1102230246251565e-16
A_put,0.0390625,76.80267787201167,0.0,0.0,True,0.0859375,76.83758498339739,0.4921875,77.53689727974374,1.1102230246251565e-16
A_put,0.04296875,76.80552993023201,0.0,0.0,True,0.0859375,76.83758498339739,0.4921875,77.53689727974374,1.1102230246251565e-16
A_put,0.046875,76.80847466290818,0.0,0.0,True,0.0859375,76.83758498339739,0.4921875,77.53689727974374,1.1102230246251565e-16
A_put,0.05078125,76.81151105150559,0.0,0.0,True,0.0859375,76.83758498339739,0.4921875,77.53689727974374,1.1102230246251565e-16
A_put,0.0546875,76.81463501934891,0.0,0.0,True,0.0859375,76.83758498339739,0.4921875,77.53689727974374,1.1102230246251565e-16
A_put,0.05859375,76.81783677492784,0.0,0.0,True,0.0859375,76.83758498339739,0.4921875,77.53689727974374,1.1102230246251565e-16
A_put,0.0625,76.82109461510747,0.0,0.0,True,0.0859375,76.83758498339739,0.4921875,77.53689727974374,1.1102230246251565e-16
A_put,0.06640625,76.82435677486795,0.0,0.0,True,0.0859375,76.83758498339739,0.4921875,77.53689727974374,1.1102230246251565e-16
A_put,0.0703125,76.82746015457451,0.0,0.0,True,0.0859375,76.83758498339739,0.4921875,77.53689727974374,1.1102230246251565e-16
A_put,0.07421875,76.83008833766496,0.0,0.0,True,0.0859375,76.83758498339739,0.4921875,77.53689727974374,1.1102230246251565e-16
A_put,0.078125,76.83249882755138,0.0,0.0,True,0.0859375,76.83758498339739,0.4921875,77.53689727974374,1.1102230246251565e-16
A_put,0.08203125,76.8349964788351,0.0,0.0,True,0.0859375,76.83758498339739,0.4921875,77.53689727974374,1.1102230246251565e-16
A_put,0.0859375,76.83758498339739,4.3414883708961754e-10,0.0,True,0.0859375,76.83758498339739,0.4921875,77.53689727974374,1.1102230246251565e-16
A_put,0.08984375,76.840268015662,8.991394056593225e-10,0.0,True,0.0859375,76.83758498339739,0.4921875,77.53689727974374,1.1102230246251565e-16
A_put,0.09375,76.84304913829645,1.307004416034602e-09,0.0,True,0.0859375,76.83758498339739,0.4921875,77.53689727974374,1.1102230246251565e-16
A_put,0.09765625,76.84593165645427,1.695602885987621e-09,0.0,True,0.0859375,76.83758498339739,0.4921875,77.53689727974374,1.1102230246251565e-16
A_put,0.1015625,76.8489183886697,2.0885309974067784e-09,0.0,True,0.0859375,76.83758498339739,0.4921875,77.53689727974374,1.1102230246251565e-16
A_put,0.10546875,76.85201129675657,2.501562382590973e-09,0.0,True,0.0859375,76.83758498339739,0.4921875,77.53689727974374,1.1102230246251565e-16
A_put,0.109375,76.855210863093,2.9461112731501684e-09,0.0,True,0.0859375,76.83758498339739,0.4921875,77.53689727974374,1.1102230246251565e-16
A_put,0.11328125,76.85851498037088,3.4311090862310368e-09,0.0,True,0.0859375,76.83758498339739,0.4921875,77.53689727974374,1.1102230246251565e-16
A_put,0.1171875,76.86191680112483,3.9639663469568e-09,0.0,True,0.0859375,76.83758498339739,0.4921875,77.53689727974374,1.1102230246251565e-16
A_put,0.12109375,76.86540003013404,4.551227060518451e-09,0.0,True,0.0859375,76.83758498339739,0.4921875,77.53689727974374,1.1102230246251565e-16
A_put,0.125,76.86892642059907,5.198826295970999e-09,0.0,True,0.0859375,76.83758498339739,0.4921875,77.53689727974374,1.1102230246251565e-16
A_put,0.12890625,76.87238838934091,5.911952732965271e-09,0.0,True,0.0859375,76.83758498339739,0.4921875,77.53689727974374,1.1102230246251565e-16
A_put,0.1328125,76.87552373914886,6.694425504180236e-09,0.0,True,0.0859375,76.83758498339739,0.4921875,77.53689727974374,1.1102230246251565e-16
A_put,0.13671875,76.87820355938435,7.550186982915732e-09,0.0,True,0.0859375,76.83758498339739,0.4921875,77.53689727974374,1.1102230246251565e-16
A_put,0.140625,76.88099076700072,8.48846450319949e-09,0.0,True,0.0859375,76.83758498339739,0.4921875,77.53689727974374,1.1102230246251565e-16
A_put,0.14453125,76.88389030320516,9.515366801560002e-09,0.0,True,0.0859375,76.83758498339739,0.4921875,77.53689727974374,1.1102230246251565e-16
A_put,0.1484375,76.88690704159129,1.0637272304020017e-08,0.0,True,0.0859375,76.83758498339739,0.4921875,77.53689727974374,1.1102230246251565e-16
A_put,0.15234375,76.89004561119665,1.1860835923288695e-08,0.0,True,0.0859375,76.83758498339739,0.4921875,77.53689727974374,1.1102230246251565e-16
A_put,0.15625,76.89331011167953,1.3192999957793557e-08,0.0,True,0.0859375,76.83758498339739,0.4921875,77.53689727974374,1.1102230246251565e-16
A_put,0.16015625,76.89670364316798,1.4641029814722471e-08,0.0,True,0.0859375,76.83758498339739,0.4921875,77.53689727974374,1.1102230246251565e-16
A_put,0.1640625,76.90022749817724,1.6212506492425253e-08,0.0,True,0.0859375,76.83758498339739,0.4921875,77.53689727974374,1.1102230246251565e-16
A_put,0.16796875,76.90387968710994,1.7915305914009033e-08,0.0,True,0.0859375,76.83758498339739,0.4921875,77.53689727974374,1.1102230246251565e-16
A_put,0.171875,76.90765199867826,1.975753394128498e-08,0.0,True,0.0859375,76.83758498339739,0.4921875,77.53689727974374,1.1102230246251565e-16
A_put,0.17578125,76.91152329870935,2.174734208613696e-08,0.0,True,0.0859375,76.83758498339739,0.4921875,77.53689727974374,1.1102230246251565e-16
A_put,0.1796875,76.91544053969741,2.3892402911284965e-08,0.0,True,0.0859375,76.83758498339739,0.4921875,77.53689727974374,1.1102230246251565e-16
A_put,0.18359375,76.9192382188067,2.6197592554067514e-08,0.0,True,0.0859375,76.83758498339739,0.4921875,77.53689727974374,1.1102230246251565e-16
A_put,0.1875,76.92264781520544,2.866394942277668e-08,0.0,True,0.0859375,76.83758498339739,0.4921875,77.53689727974374,1.1102230246251565e-16
A_put,0.19140625,76.92580304248511,3.130181463249503e-08,0.0,True,0.0859375,76.83758498339739,0.4921875,77.53689727974374,1.1102230246251565e-16
A_put,0.1953125,76.92910356432526,3.413114257087642e-08,0.0,True,0.0859375,76.83758498339739,0.4921875,77.53689727974374,1.1102230246251565e-16
A_put,0.19921875,76.93255654909595,3.716284811949599e-08,0.0,True,0.0859375,76.83758498339739,0.4921875,77.53689727974374,1.1102230246251565e-16
A_put,0.203125,76.93616874089338,4.040836651735757e-08,0.0,True,0.0859375,76.83758498339739,0.4921875,77.53689727974374,1.1102230246251565e-16
A_put,0.20703125,76.93994590378925,4.387965081855304e-08,0.0,True,0.0859375,76.83758498339739,0.4921875,77.53689727974374,1.1102230246251565e-16
A_put,0.2109375,76.94389184669755,4.7589154133633476e-08,0.0,True,0.0859375,76.83758498339739,0.4921875,77.53689727974374,1.1102230246251565e-16
A_put,0.21484375,76.94800661697761,5.15497450532318e-08,0.0,True,0.0859375,76.83758498339739,0.4921875,77.53689727974374,1.1102230246251565e-16
A_put,0.21875,76.95228285974935,5.577446440988092e-08,0.0,True,0.0859375,76.83758498339739,0.4921875,77.53689727974374,1.1102230246251565e-16
A_put,0.22265625,76.95669744586306,6.027597921831176e-08,0.0,True,0.0859375,76.83758498339739,0.4921875,77.53689727974374,1.1102230246251565e-16
A_put,0.2265625,76.96118751289006,6.506486736648392e-08,0.0,True,0.0859375,76.83758498339739,0.4921875,77.53689727974374,1.1102230246251565e-16
A_put,0.23046875,76.96554688175212,7.014228012639879e-08,0.0,True,0.0859375,76.83758498339739,0.4921875,77.53689727974374,1.1102230246251565e-16
A_put,0.234375,76.96948841602945,7.550073978916158e-08,0.0,True,0.0859375,76.83758498339739,0.4921875,77.53689727974374,1.1102230246251565e-16
A_put,0.23828125,76.97324151973379,8.116440846205407e-08,0.0,True,0.0859375,76.83758498339739,0.4921875,77.53689727974374,1.1102230246251565e-16
A_put,0.2421875,76.97719608186826,8.717409527786108e-08,0.0,True,0.0859375,76.83758498339739,0.4921875,77.53689727974374,1.1102230246251565e-16
A_put,0.24609375,76.98136272700039,9.35479350105907e-08,0.0,True,0.0859375,76.83758498339739,0.4921875,77.53689727974374,1.1102230246251565e-16
A_put,0.25,76.98575052870981,1.0030488577737464e-07,0.0,True,0.0859375,76.83758498339739,0.4921875,77.53689727974374,1.1102230246251565e-16
A_put,0.25390625,76.99036513267295,1.074646030274077e-07,0.0,True,0.0859375,76.83758498339739,0.4921875,77.53689727974374,1.1102230246251565e-16
A_put,0.2578125,76.99520498543251,1.1504698982421836e-07,0.0,True,0.0859375,76.83758498339739,0.4921875,77.53689727974374,1.1102230246251565e-16
A_put,0.26171875,77.00025284766171,1.2307113438164426e-07,0.0,True,0.0859375,76.83758498339739,0.4921875,77.53689727974374,1.1102230246251565e-16
A_put,0.265625,77.0054525988181,1.315521444526816e-07,0.0,True,0.0859375,76.83758498339739,0.4921875,77.53689727974374,1.1102230246251565e-16
A_put,0.26953125,77.01061661342214,1.4048856154981817e-07,0.0,True,0.0859375,76.83758498339739,0.4921875,77.53689727974374,1.1102230246251565e-16
A_put,0.2734375,77.01536205592306,1.4984898055373724e-07,0.0,True,0.0859375,76.83758498339739,0.4921875,77.53689727974374,1.1102230246251565e-16
A_put,0.27734375,77.01969348900724,1.5964290219326773e-07,0.0,True,0.0859375,76.83758498339739,0.4921875,77.53689727974374,1.1102230246251565e-16
A_put,0.28125,77.02429181626277,1.6997720037822387e-07,0.0,True,0.0859375,76.83758498339739,0.4921875,77.53689727974374,1.1102230246251565e-16
A_put,0.28515625,77.02917221503712,1.8088013106132594e-07,0.0,True,0.0859375,76.83758498339739,0.4921875,77.53689727974374,1.1102230246251565e-16
A_put,0.2890625,77.03434613597169,1.9238105918488366e-07,0.0,True,0.0859375,76.83758498339739,0.4921875,77.53689727974374,1.1102230246251565e-16
A_put,0.29296875,77.03981630066951,2.0450953053329897e-07,0.0,True,0.0859375,76.83758498339739,0.4921875,77.53689727974374,1.1102230246251565e-16
A_put,0.296875,77.04556501588786,2.1729282066501713e-07,0.0,True,0.0859375,76.83758498339739,0.4921875,77.53689727974374,1.1102230246251565e-16
A_put,0.30078125,77.05152084304,2.3074847003608745e-07,0.0,True,0.0859375,76.83758498339739,0.4921875,77.53689727974374,1.1102230246251565e-16
A_put,0.3046875,77.05741755669986,2.448524312990802e-07,0.0,True,0.0859375,76.83758498339739,0.4921875,77.53689727974374,1.1102230246251565e-16
A_put,0.30859375,77.06270548615379,2.595082196610555e-07,0.0,True,0.0859375,76.83758498339739,0.4921875,77.53689727974374,1.1102230246251565e-16
A_put,0.3125,77.06760076566113,2.7476776095990183e-07,0.0,True,0.0859375,76.83758498339739,0.4921875,77.53689727974374,1.1102230246251565e-16
A_put,0.31640625,77.07282886940818,2.908151072186445e-07,0.0,True,0.0859375,76.83758498339739,0.4921875,77.53689727974374,1.1102230246251565e-16
A_put,0.3203125,77.07840778618207,3.0769232156769935e-07,0.0,True,0.0859375,76.83758498339739,0.4921875,77.53689727974374,1.1102230246251565e-16
A_put,0.32421875,77.08434642795487,3.254417707837605e-07,0.0,True,0.0859375,76.83758498339739,0.4921875,77.53689727974374,1.1102230246251565e-16
A_put,0.328125,77.09063114848313,3.4410188001892924e-07,0.0,True,0.0859375,76.83758498339739,0.4921875,77.53689727974374,1.1102230246251565e-16
A_put,0.33203125,77.09718679837292,3.636939766022522e-07,0.0,True,0.0859375,76.83758498339739,0.4921875,77.53689727974374,1.1102230246251565e-16
A_put,0.3359375,77.10371045735087,3.841653030966758e-07,0.0,True,0.0859375,76.83758498339739,0.4921875,77.53689727974374,1.1102230246251565e-16
A_put,0.33984375,77.10947775121981,4.0530595152249386e-07,0.0,True,0.0859375,76.83758498339739,0.4921875,77.53689727974374,1.1102230246251565e-16
A_put,0.34375,77.11476719728856,4.2720494983145285e-07,0.0,True,0.0859375,76.83758498339739,0.4921875,77.53689727974374,1.1102230246251565e-16
A_put,0.34765625,77.120439523409,4.5018067726317435e-07,0.0,True,0.0859375,76.83758498339739,0.4921875,77.53689727974374,1.1102230246251565e-16
A_put,0.3515625,77.12651448813821,4.7429169408533793e-07,0.0,True,0.0859375,76.83758498339739,0.4921875,77.53689727974374,1.1102230246251565e-16
A_put,0.35546875,77.13299735152691,4.995946921712729e-07,0.0,True,0.0859375,76.83758498339739,0.4921875,77.53689727974374,1.1102230246251565e-16
A_put,0.359375,77.13985585374601,5.261336105122304e-07,0.0,True,0.0859375,76.83758498339739,0.4921875,77.53689727974374,1.1102230246251565e-16
A_put,0.36328125,77.14694491467137,5.539024814928608e-07,0.0,True,0.0859375,76.83758498339739,0.4921875,77.53689727974374,1.1102230246251565e-16
A_put,0.3671875,77.15371690679264,5.826981406834123e-07,0.0,True,0.0859375,76.83758498339739,0.4921875,77.53689727974374,1.1102230246251565e-16
A_put,0.37109375,77.15922066540807,6.120732983508575e-07,0.0,True,0.0859375,76.83758498339739,0.4921875,77.53689727974374,1.1102230246251565e-16
A_put,0.375,77.1651465126969,6.428401177207807e-07,0.0,True,0.0859375,76.83758498339739,0.4921875,77.53689727974374,1.1102230246251565e-16
A_put,0.37890625,77.1715189780707,6.75077380635371e-07,0.0,True,0.0859375,76.83758498339739,0.4921875,77.53689727974374,1.1102230246251565e-16
A_put,0.3828125,77.17834716601456,7.088608845463048e-07,0.0,True,0.0859375,76.83758498339739,0.4921875,77.53689727974374,1.1102230246251565e-16
A_put,0.38671875,77.18559926147773,7.442469097118365e-07,0.0,True,0.0859375,76.83758498339739,0.4921875,77.53689727974374,1.1102230246251565e-16
A_put,0.390625,77.19311818374644,7.812150836505e-07,0.0,True,0.0859375,76.83758498339739,0.4921875,77.53689727974374,1.1102230246251565e-16
A_put,0.39453125,77.20032776250142,8.194615346289688e-07,0.0,True,0.0859375,76.83758498339739,0.4921875,77.53689727974374,1.1102230246251565e-16
A_put,0.3984375,77.20647238466378,8.584968270995935e-07,0.0,True,0.0859375,76.83758498339739,0.4921875,77.53689727974374,1.1102230246251565e-16
A_put,0.40234375,77.21312817159003,8.993749140983225e-07,0.0,True,0.0859375,76.83758498339739,0.4921875,77.53689727974374,1.1102230246251565e-16
A_put,0.40625,77.2203192673902,9.422039716765966e-07,0.0,True,0.0859375,76.83758498339739,0.4921875,77.53689727974374,1.1102230246251565e-16
A_put,0.41015625,77.22803648314346,9.870744803186237e-07,0.0,True,0.0859375,76.83758498339739,0.4921875,77.53689727974374,1.1102230246251565e-16
A_put,0.4140625,77.23617370982794,1.0340031988964649e-06,0.0,True,0.0859375,76.83758498339739,0.4921875,77.53689727974374,1.1102230246251565e-16
A_put,0.41796875,77.24424823480162,1.0826821358889396e-06,0.0,True,0.0859375,76.83758498339739,0.4921875,77.53689727974374,1.1102230246251565e-16
A_put,0.421875,77.25173986329892,1.1327037915676413e-06,0.0,True,0.0859375,76.83758498339739,0.4921875,77.53689727974374,1.1102230246251565e-16
A_put,0.42578125,77.25952963083031,1.1848578765072818e-06,0.0,True,0.0859375,76.83758498339739,0.4921875,77.53689727974374,1.1102230246251565e-16
A_put,0.4296875,77.26803053021486,1.2396246306390187e-06,0.0,True,0.0859375,76.83758498339739,0.4921875,77.53689727974374,1.1102230246251565e-16
A_put,0.43359375,77.27719371087443,1.2970984828164797e-06,0.0,True,0.0859375,76.83758498339739,0.4921875,77.53689727974374,1.1102230246251565e-16
A_put,0.4375,77.2866868620608,1.3570802880058701e-06,0.0,True,0.0859375,76.83758498339739,0.4921875,77.53689727974374,1.1102230246251565e-16
A_put,0.44140625,77.296068686741,1.419201334201821e-06,0.0,True,0.0859375,76.83758498339739,0.4921875,77.53689727974374,1.1102230246251565e-16
A_put,0.4453125,77.30583900908385,1.484075153379558e-06,0.0,True,0.0859375,76.83758498339739,0.4921875,77.53689727974374,1.1102230246251565e-16
A_put,0.44921875,77.31670731322315,1.552658673020781e-06,0.0,True,0.0859375,76.83758498339739,0.4921875,77.53689727974374,1.1102230246251565e-16
A_put,0.453125,77.32850018918187,1.62497710246011e-06,0.0,True,0.0859375,76.83758498339739,0.4921875,77.53689727974374,1.1102230246251565e-16
A_put,0.45703125,77.34043793936947,1.700257744402508e-06,0.0,True,0.0859375,76.83758498339739,0.4921875,77.53689727974374,1.1102230246251565e-16
A_put,0.4609375,77.35358339106044,1.7800302441750437e-06,0.0,True,0.0859375,76.83758498339739,0.4921875,77.53689727974374,1.1102230246251565e-16
A_put,0.46484375,77.36863025342937,1.8655647430754102e-06,0.0,True,0.0859375,76.83758498339739,0.4921875,77.53689727974374,1.1102230246251565e-16
A_put,0.46875,77.384639730409,1.9559440149197126e-06,0.0,True,0.0859375,76.83758498339739,0.4921875,77.53689727974374,1.1102230246251565e-16
A_put,0.47265625,77.4026759603228,2.0531005708312977e-06,0.0,True,0.0859375,76.83758498339739,0.4921875,77.53689727974374,1.1102230246251565e-16
A_put,0.4765625,77.423680069438,2.1591011422350537e-06,0.0,True,0.0859375,76.83758498339739,0.4921875,77.53689727974374,1.1102230246251565e-16
A_put,0.48046875,77.44694914684297,2.2735943987495263e-06,0.0,True,0.0859375,76.83758498339739,0.4921875,77.53689727974374,1.1102230246251565e-16
A_put,0.484375,77.47408961589394,2.4001746311008756e-06,0.0,True,0.0859375,76.83758498339739,0.4921875,77.53689727974374,1.1102230246251565e-16
A_put,0.48828125,77.50264731437645,2.5355269006321956e-06,0.0,True,0.0859375,76.83758498339739,0.4921875,77.53689727974374,1.1102230246251565e-16
A_put,0.4921875,77.53689727974374,2.6887698742761363e-06,1.1102230246251565e-16,True,0.0859375,76.83758498339739,0.4921875,77.53689727974374,1.1102230246251565e-16
A_put,0.49609375,77.57844941512013,2.865487691017247e-06,2.220446049250313e-16,True,0.0859375,76.83758498339739,0.4921875,77.53689727974374,1.1102230246251565e-16
B_put,0.0,72.29437879664448,0.0,0.0,True,0.16710526315789476,72.18658409196875,0.3539473684210526,97.87266615857179,0.1904229800344125
B_put,0.0038461538461538464,72.29004672371939,0.0,0.0,True,0.16710526315789476,72.18658409196875,0.3539473684210526,97.87266615857179,0.1904229800344125
B_put,0.007692307692307693,72.28587722629771,0.0,0.0,True,0.16710526315789476,72.18658409196875,0.3539473684210526,97.87266615857179,0.1904229800344125
B_put,0.011538461538461539,72.28185625028028,0.0,0.0,True,0.16710526315789476,72.18658409196875,0.3539473684210526,97.87266615857179,0.1904229800344125
B_put,0.015384615384615385,72.27796977883716,0.0,0.0,True,0.16710526315789476,72.18658409196875,0.3539473684210526,97.87266615857179,0.1904229800344125
B_put,0.019230769230769232,72.27420323298067,0.0,0.0,True,0.16710526315789476,72.18658409196875,0.3539473684210526,97.87266615857179,0.1904229800344125
B_put,0.023076923076923078,72.2705404239216,0.0,0.0,True,0.16710526315789476,72.18658409196875,0.3539473684210526,97.87266615857179,0.1904229800344125
B_put,0.026923076923076925,72.26696138838794,0.0,0.0,True,0.16710526315789476,72.18658409196875,0.3539473684210526,97.87266615857179,0.1904229800344125
B_put,0.03076923076923077,72.2634368392636,0.0,0.0,True,0.16710526315789476,72.18658409196875,0.3539473684210526,97.87266615857179,0.1904229800344125
B_put,0.03461538461538462,72.25990853446879,0.0,0.0,True,0.16710526315789476,72.18658409196875,0.3539473684210526,97.87266615857179,0.1904229800344125
B_put,0.038461538461538464,72.25615015260718,0.0,0.0,True,0.16710526315789476,72.18658409196875,0.3539473684210526,97.87266615857179,0.1904229800344125
B_put,0.04230769230769231,72.25254693438173,0.0,0.0,True,0.16710526315789476,72.18658409196875,0.3539473684210526,97.87266615857179,0.1904229800344125
B_put,0.046153846153846156,72.24924773448497,0.0,0.0,True,0.16710526315789476,72.18658409196875,0.3539473684210526,97.87266615857179,0.1904229800344125
B_put,0.05,72.24598830215199,0.0,0.0,True,0.16710526315789476,72.18658409196875,0.3539473684210526,97.87266615857179,0.1904229800344125
B_put,0.05384615384615385,72.24275713083065,0.0,0.0,True,0.16710526315789476,72.18658409196875,0.3539473684210526,97.87266615857179,0.1904229800344125
B_put,0.05769230769230769,72.23954024154106,0.0,0.0,True,0.16710526315789476,72.18658409196875,0.3539473684210526,97.87266615857179,0.1904229800344125
B_put,0.06153846153846154,72.23631995504806,0.0,0.0,True,0.16710526315789476,72.18658409196875,0.3539473684210526,97.87266615857179,0.1904229800344125
B_put,0.06538461538461539,72.23307287589057,0.0,0.0,True,0.16710526315789476,72.18658409196875,0.3539473684210526,97.87266615857179,0.1904229800344125
B_put,0.06923076923076923,72.22976635920034,0.0,0.0,True,0.16710526315789476,72.18658409196875,0.3539473684210526,97.87266615857179,0.1904229800344125
B_put,0.07307692307692308,72.22635173250669,0.0,0.0,True,0.16710526315789476,72.18658409196875,0.3539473684210526,97.87266615857179,0.1904229800344125
B_put,0.07692307692307693,72.22274936655357,0.0,0.0,True,0.16710526315789476,72.18658409196875,0.3539473684210526,97.87266615857179,0.1904229800344125
B_put,0.08076923076923077,72.21880646458953,0.0,0.0,True,0.16710526315789476,72.18658409196875,0.3539473684210526,97.87266615857179,0.1904229800344125
B_put,0.08461538461538462,72.21404839250758,0.0,0.0,True,0.16710526315789476,72.18658409196875,0.3539473684210526,97.87266615857179,0.1904229800344125
B_put,0.08846153846153847,72.20850276647793,0.0,0.0,True,0.16710526315789476,72.18658409196875,0.3539473684210526,97.87266615857179,0.1904229800344125
B_put,0.09230769230769231,72.20229489219243,0.0,0.0,True,0.16710526315789476,72.18658409196875,0.3539473684210526,97.87266615857179,0.1904229800344125
B_put,0.09615384615384616,72.19407867936317,0.0,0.0,True,0.16710526315789476,72.18658409196875,0.3539473684210526,97.87266615857179,0.1904229800344125
B_put,0.1,72.18960540834794,0.0,0.0,True,0.16710526315789476,72.18658409196875,0.3539473684210526,97.87266615857179,0.1904229800344125
B_put,0.10394736842105264,72.22680247506744,0.0,0.0,True,0.16710526315789476,72.18658409196875,0.3539473684210526,97.87266615857179,0.1904229800344125
B_put,0.10789473684210527,72.22420626681259,0.0,0.0,True,0.16710526315789476,72.18658409196875,0.3539473684210526,97.87266615857179,0.1904229800344125
B_put,0.1118421052631579,72.22164277981467,0.0,0.0,True,0.16710526315789476,72.18658409196875,0.3539473684210526,97.87266615857179,0.1904229800344125
B_put,0.11578947368421053,72.21909955671622,0.0,0.0,True,0.16710526315789476,72.18658409196875,0.3539473684210526,97.87266615857179,0.1904229800344125
B_put,0.11973684210526317,72.21655415692116,0.0,0.0,True,0.16710526315789476,72.18658409196875,0.3539473684210526,97.87266615857179,0.1904229800344125
B_put,0.12368421052631579,72.21395222606061,0.0,0.0,True,0.16710526315789476,72.18658409196875,0.3539473684210526,97.87266615857179,0.1904229800344125
B_put,0.12763157894736843,72.21101401112821,0.0,0.0,True,0.16710526315789476,72.18658409196875,0.3539473684210526,97.87266615857179,0.1904229800344125
B_put,0.13157894736842105,72.2084298285923,0.0,0.0,True,0.16710526315789476,72.18658409196875,0.3539473684210526,97.87266615857179,0.1904229800344125
B_put,0.1355263157894737,72.20590052091302,0.0,0.0,True,0.16710526315789476,72.18658409196875,0.3539473684210526,97.87266615857179,0.1904229800344125
B_put,0.1394736842105263,72.20339952777056,0.0,0.0,True,0.16710526315789476,72.18658409196875,0.3539473684210526,97.87266615857179,0.1904229800344125
B_put,0.14342105263157895,72.20092564690877,0.0,0.0,True,0.16710526315789476,72.18658409196875,0.3539473684210526,97.87266615857179,0.1904229800344125
B_put,0.1473684210526316,72.19847768143175,0.0,0.0,True,0.16710526315789476,72.18658409196875,0.3539473684210526,97.87266615857179,0.1904229800344125
B_put,0.1513157894736842,72.19605443513728,0.0,0.0,True,0.16710526315789476,72.18658409196875,0.3539473684210526,97.87266615857179,0.1904229800344125
B_put,0.15526315789473685,72.19365470473916,0.0,0.0,True,0.16710526315789476,72.18658409196875,0.3539473684210526,97.87266615857179,0.1904229800344125
B_put,0.15921052631578947,72.19127726614275,0.0,0.0,True,0.16710526315789476,72.18658409196875,0.3539473684210526,97.87266615857179,0.1904229800344125
B_put,0.1631578947368421,72.18892084941245,0.0,0.0,True,0.16710526315789476,72.18658409196875,0.3539473684210526,97.87266615857179,0.1904229800344125
B_put,0.16710526315789476,72.18658409196875,4.645376091510282e-11,0.0,True,0.16710526315789476,72.18658409196875,0.3539473684210526,97.87266615857179,0.1904229800344125
B_put,0.17105263157894737,72.18426544882874,8.862018700517299e-11,0.0,True,0.16710526315789476,72.18658409196875,0.3539473684210526,97.87266615857179,0.1904229800344125
B_put,0.175,72.18196301473431,1.2660837982796335e-10,0.0,True,0.16710526315789476,72.18658409196875,0.3539473684210526,97.87266615857179,0.1904229800344125
B_put,0.17894736842105263,72.17967415501028,1.6200200228122307e-10,0.0,True,0.16710526315789476,72.18658409196875,0.3539473684210526,97.87266615857179,0.1904229800344125
B_put,0.18289473684210528,72.17739468589004,1.9599611408095217e-10,0.0,True,0.16710526315789476,72.18658409196875,0.3539473684210526,97.87266615857179,0.1904229800344125
B_put,0.18684210526315792,72.17511685769759,2.2950048622330376e-10,0.0,True,0.16710526315789476,72.18658409196875,0.3539473684210526,97.87266615857179,0.1904229800344125
B_put,0.1907894736842105,72.1728234831325,2.6323360474069936e-10,0.0,True,0.16710526315789476,72.18658409196875,0.3539473684210526,97.87266615857179,0.1904229800344125
B_put,0.19473684210526315,72.1704641291324,2.977348168135418e-10,0.0,True,0.16710526315789476,72.18658409196875,0.3539473684210526,97.87266615857179,0.1904229800344125
B_put,0.1986842105263158,72.1677600683909,3.3336181423695436e-10,0.0,True,0.16710526315789476,72.18658409196875,0.3539473684210526,97.87266615857179,0.1904229800344125
B_put,0.20263157894736844,72.16524591556568,3.706915716236987e-10,0.0,True,0.16710526315789476,72.18658409196875,0.3539473684210526,97.87266615857179,0.1904229800344125
B_put,0.20657894736842106,72.162870781902,4.1003644532630026e-10,0.0,True,0.16710526315789476,72.18658409196875,0.3539473684210526,97.87266615857179,0.1904229800344125
B_put,0.21052631578947367,72.16063177542577,4.5171629178075694e-10,0.0,True,0.16710526315789476,72.18658409196875,0.3539473684210526,97.87266615857179,0.1904229800344125
B_put,0.21447368421052632,72.15857101782244,4.96022386053645e-10,0.0,True,0.16710526315789476,72.18658409196875,0.3539473684210526,97.87266615857179,0.1904229800344125
B_put,0.21842105263157896,72.15674493605307,5.432576601199741e-10,0.0,True,0.16710526315789476,72.18658409196875,0.3539473684210526,97.87266615857179,0.1904229800344125
B_put,0.22236842105263158,72.15522919755927,5.937349731301871e-10,0.0,True,0.16710526315789476,72.18658409196875,0.3539473684210526,97.87266615857179,0.1904229800344125
B_put,0.2263157894736842,72.1541252861458,6.477863702877372e-10,0.0,True,0.16710526315789476,72.18658409196875,0.3539473684210526,97.87266615857179,0.1904229800344125
B_put,0.23026315789473684,72.15356962897829,7.058068762135534e-10,0.0,True,0.16710526315789476,72.18658409196875,0.3539473684210526,97.87266615857179,0.1904229800344125
B_put,0.23421052631578948,72.15374892467389,7.682565534423477e-10,0.0,True,0.16710526315789476,72.18658409196875,0.3539473684210526,97.87266615857179,0.1904229800344125
B_put,0.2381578947368421,72.15493856968465,8.357276271348326e-10,0.0,True,0.16710526315789476,72.18658409196875,0.3539473684210526,97.87266615857179,0.1904229800344125
B_put,0.24210526315789474,72.15763559604747,9.091114382793217e-10,0.0,True,0.16710526315789476,72.18658409196875,0.3539473684210526,97.87266615857179,0.1904229800344125
B_put,0.24605263157894738,72.16298469267434,9.90098650126947e-10,0.0,True,0.16710526315789476,72.18658409196875,0.3539473684210526,97.87266615857179,0.1904229800344125
B_put,0.25,72.18470879339928,2.207566547484837e-09,0.0,True,0.16710526315789476,72.18658409196875,0.3539473684210526,97.87266615857179,0.1904229800344125
B_put,0.25384615384615383,72.23171065175332,2.484940631778286e-09,0.0,True,0.16710526315789476,72.18658409196875,0.3539473684210526,97.87266615857179,0.1904229800344125
B_put,0.25769230769230766,72.22700561947154,2.6583351562197814e-09,0.0,True,0.16710526315789476,72.18658409196875,0.3539473684210526,97.87266615857179,0.1904229800344125
B_put,0.26153846153846155,72.22241016014038,2.841277886135694e-09,0.0,True,0.16710526315789476,72.18658409196875,0.3539473684210526,97.87266615857179,0.1904229800344125
B_put,0.2653846153846154,72.21784947569483,3.0339583404554694e-09,0.0,True,0.16710526315789476,72.18658409196875,0.3539473684210526,97.87266615857179,0.1904229800344125
B_put,0.2692307692307692,72.21299958501405,3.2357580905894514e-09,0.0,True,0.16710526315789476,72.18658409196875,0.3539473684210526,97.87266615857179,0.1904229800344125
B_put,0.27307692307692305,72.2083899427712,3.448602345485418e-09,0.0,True,0.16710526315789476,72.18658409196875,0.3539473684210526,97.87266615857179,0.1904229800344125
B_put,0.27692307692307694,72.20417824619176,3.6735495530611757e-09,0.0,True,0.16710526315789476,72.18658409196875,0.3539473684210526,97.87266615857179,0.1904229800344125
B_put,0.28076923076923077,72.20007612080543,3.910171629422765e-09,0.0,True,0.16710526315789476,72.18658409196875,0.3539473684210526,97.87266615857179,0.1904229800344125
B_put,0.2846153846153846,72.19608444351177,4.1589376191816825e-09,0.0,True,0.16710526315789476,72.18658409196875,0.3539473684210526,97.87266615857179,0.1904229800344125
B_put,0.28846153846153844,72.19220523953052,4.4203453334911625e-09,0.0,True,0.16710526315789476,72.18658409196875,0.3539473684210526,97.87266615857179,0.1904229800344125
B_put,0.29230769230769227,72.18844184889959,4.6949126211982985e-09,0.0,True,0.16710526315789476,72.18658409196875,0.3539473684210526,97.87266615857179,0.1904229800344125
B_put,0.29615384615384616,72.18479904204767,4.983180270260964e-09,0.0,True,0.16710526315789476,72.18658409196875,0.3539473684210526,97.87266615857179,0.1904229800344125
B_put,0.3,72.181282905221,5.285715547560529e-09,0.0,True,0.16710526315789476,72.18658409196875,0.3539473684210526,97.87266615857179,0.1904229800344125
B_put,0.3038461538461538,72.17789991086418,5.6031160991477306e-09,0.0,True,0.16710526315789476,72.18658409196875,0.3539473684210526,97.87266615857179,0.1904229800344125
B_put,0.30769230769230765,72.17465293168058,5.935989286325897e-09,0.0,True,0.16710526315789476,72.18658409196875,0.3539473684210526,97.87266615857179,0.1904229800344125
B_put,0.31153846153846154,72.17152175648225,6.2848248983471535e-09,0.0,True,0.16710526315789476,72.18658409196875,0.3539473684210526,97.87266615857179,0.1904229800344125
B_put,0.3153846153846154,72.16828969328891,6.648904871408019e-09,0.0,True,0.16710526315789476,72.18658409196875,0.3539473684210526,97.87266615857179,0.1904229800344125
B_put,0.3192307692307692,72.16547158069466,7.031960221577587e-09,0.0,True,0.16710526315789476,72.18658409196875,0.3539473684210526,97.87266615857179,0.1904229800344125
B_put,0.32307692307692304,72.16319801541292,7.435833017328717e-09,0.0,True,0.16710526315789476,72.18658409196875,0.3539473684210526,97.87266615857179,0.1904229800344125
B_put,0.3269230769230769,72.16150585314351,7.861932659059527e-09,0.0,True,0.16710526315789476,72.18658409196875,0.3539473684210526,97.87266615857179,0.1904229800344125
B_put,0.33076923076923076,72.16053450483963,8.312562831607823e-09,0.0,True,0.16710526315789476,72.18658409196875,0.3539473684210526,97.87266615857179,0.1904229800344125
B_put,0.3346153846153846,72.16045646122984,8.790611238669977e-09,0.0,True,0.16710526315789476,72.18658409196875,0.3539473684210526,97.87266615857179,0.1904229800344125
B_put,0.3384615384615384,72.16149646384034,9.29979071559456e-09,0.0,True,0.16710526315789476,72.18658409196875,0.3539473684210526,97.87266615857179,0.1904229800344125
B_put,0.3423076923076923,72.16398367614491,9.845301269317737e-09,0.0,True,0.16710526315789476,72.18658409196875,0.3539473684210526,97.87266615857179,0.1904229800344125
B_put,0.34615384615384615,72.16971922242979,1.0447024052075414e-08,0.0,True,0.16710526315789476,72.18658409196875,0.3539473684210526,97.87266615857179,0.1904229800344125
B_put,0.35,72.19509886918452,2.172882471218372e-08,0.0,True,0.16710526315789476,72.18658409196875,0.3539473684210526,97.87266615857179,0.1904229800344125
B_put,0.3539473684210526,97.87266615857179,0.4039406517109452,0.1904229800344125,True,0.16710526315789476,72.18658409196875,0.3539473684210526,97.87266615857179,0.1904229800344125
B_put,0.35789473684210527,97.89983200694272,0.4088509128652727,0.19449155048813327,True,0.16710526315789476,72.18658409196875,0.3539473684210526,97.87266615857179,0.1904229800344125
B_put,0.36184210526315785,97.92508646508168,0.41337681152239364,0.19835158646249829,True,0.16710526315789476,72.18658409196875,0.3539473684210526,97.87266615857179,0.1904229800344125
B_put,0.3657894736842105,97.95379453566267,0.4184864162282834,0.2025841984462704,True,0.16710526315789476,72.18658409196875,0.3539473684210526,97.87266615857179,0.1904229800344125
B_put,0.36973684210526314,97.97889305471509,0.4229066391231892,0.2064194810981117,True,0.16710526315789476,72.18658409196875,0.3539473684210526,97.87266615857179,0.1904229800344125
B_put,0.3736842105263158,98.00791918640084,0.42799370212565246,0.21068266323028184,True,0.16710526315789476,72.18658409196875,0.3539473684210526,97.87266615857179,0.1904229800344125
B_put,0.37763157894736843,98.03470158025738,0.4326383115842689,0.2146944525101251,True,0.16710526315789476,72.18658409196875,0.3539473684210526,97.87266615857179,0.1904229800344125
B_put,0.381578947368421,98.06433988936315,0.4377544279064876,0.2190200320502128,True,0.16710526315789476,72.18658409196875,0.3539473684210526,97.87266615857179,0.1904229800344125
B_put,0.38552631578947366,98.09254456268866,0.44257376365467205,0.22318161194082764,True,0.16710526315789476,72.18658409196875,0.3539473684210526,97.87266615857179,0.1904229800344125
B_put,0.3894736842105263,98.12319843104936,0.44778906106944877,0.22761476183142149,True,0.16710526315789476,72.18658409196875,0.3539473684210526,97.87266615857179,0.1904229800344125
B_put,0.39342105263157895,98.15264389641703,0.45274779907301616,0.23190732149425308,True,0.16710526315789476,72.18658409196875,0.3539473684210526,97.87266615857179,0.1904229800344125
B_put,0.39736842105263154,98.1848585382181,0.45815618870280456,0.23651083892542868,True,0.16710526315789476,72.18658409196875,0.3539473684210526,97.87266615857179,0.1904229800344125
B_put,0.4013157894736842,98.21536087709181,0.4632184187957784,0.2409145332145598,True,0.16710526315789476,72.18658409196875,0.3539473684210526,97.87266615857179,0.1904229800344125
B_put,0.4052631578947368,98.24969846956945,0.468914851699629,0.24575504375136203,True,0.16710526315789476,72.18658409196875,0.3539473684210526,97.87266615857179,0.1904229800344125
B_put,0.40921052631578947,98.28069926584699,0.473978620116941,0.25020580937362624,True,0.16710526315789476,72.18658409196875,0.3539473684210526,97.87266615857179,0.1904229800344125
B_put,0.41315789473684206,98.31611461222512,0.4797739074549083,0.25516400760898583,True,0.16710526315789476,72.18658409196875,0.3539473684210526,97.87266615857179,0.1904229800344125
B_put,0.41710526315789476,98.3502742551922,0.48530220714208666,0.259971768725177,True,0.16710526315789476,72.18658409196875,0.3539473684210526,97.87266615857179,0.1904229800344125
B_put,0.42105263157894735,98.3866781219325,0.4911755208180048,0.26503790635539237,True,0.16710526315789476,72.18658409196875,0.3539473684210526,97.87266615857179,0.1904229800344125
B_put,0.425,98.42532699379389,0.4973901392353712,0.2703651419162737,True,0.16710526315789476,72.18658409196875,0.3539473684210526,97.87266615857179,0.1904229800344125
B_put,0.42894736842105263,98.46133624499055,0.5030951317715011,0.27537556071416636,True,0.16710526315789476,72.18658409196875,0.3539473684210526,97.87266615857179,0.1904229800344125
B_put,0.4328947368421053,98.5016943980195,0.5095018762388311,0.2808977227356465,True,0.16710526315789476,72.18658409196875,0.3539473684210526,97.87266615857179,0.1904229800344125
B_put,0.4368421052631579,98.54363462558004,0.5161257392454526,0.2866056227943391,True,0.16710526315789476,72.18658409196875,0.3539473684210526,97.87266615857179,0.1904229800344125
B_put,0.4407894736842105,98.58356651015771,0.5223471027217975,0.292067984893874,True,0.16710526315789476,72.18658409196875,0.3539473684210526,97.87266615857179,0.1904229800344125
B_put,0.44473684210526315,98.62758133991251,0.5292098149098304,0.29801673335310186,True,0.16710526315789476,72.18658409196875,0.3539473684210526,97.87266615857179,0.1904229800344125
B_put,0.4486842105263158,98.67463373838491,0.5365266565172139,0.3043296418975956,True,0.16710526315789476,72.18658409196875,0.3539473684210526,97.87266615857179,0.1904229800344125
B_put,0.4526315789473684,98.72345553171985,0.5440748782921512,0.31085496110902133,True,0.16710526315789476,72.18658409196875,0.3539473684210526,97.87266615857179,0.1904229800344125
B_put,0.45657894736842103,98.77175703943067,0.5514628364178873,0.31731285515151053,True,0.16710526315789476,72.18658409196875,0.3539473684210526,97.87266615857179,0.1904229800344125
B_put,0.4605263157894737,98.82397704167917,0.5594345784686517,0.3242463113101609,True,0.16710526315789476,72.18658409196875,0.3539473684210526,97.87266615857179,0.1904229800344125
B_put,0.4644736842105263,98.87998299849623,0.5679555848463157,0.3316424341531643,True,0.16710526315789476,72.18658409196875,0.3539473684210526,97.87266615857179,0.1904229800344125
B_put,0.46842105263157896,98.9400471465043,0.5770573989150013,0.33953793257368203,True,0.16710526315789476,72.18658409196875,0.3539473684210526,97.87266615857179,0.1904229800344125
B_put,0.47236842105263155,99.00494398552237,0.5868511891196022,0.34803219536957897,True,0.16710526315789476,72.18658409196875,0.3539473684210526,97.87266615857179,0.1904229800344125
B_put,0.4763157894736842,99.07572725352972,0.597487471040232,0.35726057815797707,True,0.16710526315789476,72.18658409196875,0.3539473684210526,97.87266615857179,0.1904229800344125
B_put,0.48026315789473684,99.15140354487619,0.6087762353907935,0.3671023868115134,True,0.16710526315789476,72.18658409196875,0.3539473684210526,97.87266615857179,0.1904229800344125
B_put,0.4842105263157895,99.23665118203364,0.6214368102881348,0.378149618548542,True,0.16710526315789476,72.18658409196875,0.3539473684210526,97.87266615857179,0.1904229800344125
B_put,0.4881578947368421,99.33738158472129,0.6363413120445517,0.39115921025629263,True,0.16710526315789476,72.18658409196875,0.3539473684210526,97.87266615857179,0.1904229800344125
B_put,0.4921052631578947,99.45959078091208,0.6543000770984728,0.4069092133623946,True,0.16710526315789476,72.18658409196875,0.3539473684210526,97.87266615857179,0.1904229800344125
B_put,0.4960526315789474,99.62411967373296,0.6782478450577055,0.42808728546525143,True,0.16710526315789476,72.18658409196875,0.3539473684210526,97.87266615857179,0.1904229800344125
