div_std,K,iv_option,mc_price,mc_se,mc_call,mc_put,mc_call_se,mc_put_se,cos_price,cos_call,cos_put,abs_diff,iv_det_gbm_from_mc,iv_det_gbm_from_cos,cgmy_C,cgmy_G,cgmy_M,cgmy_Y,trunc_eps,mc_paths
0.0,70.5508653623404,P,27.635846296736727,0.019027400439082274,27.635846296736727,0.21855294627912186,0.019027400439082274,0.00485735505631069,27.66029098763807,27.66029098763807,0.211156417669673,0.024444690901344046,0.3340352693840278,0.33196289301155507,0.12018289201181898,2.5,8.0,0.7,0.001,200000
0.0,72.6001737641861,P,25.627950964280938,0.01873567318678774,25.627950964280938,0.2599660156687052,0.01873567318678774,0.0053277929779742255,25.6514021904279,25.6514021904279,0.25157602230520465,0.02345122614696038,0.3195107894774118,0.3175062827030375,0.12018289201181898,2.5,8.0,0.7,0.001,200000
0.0,74.64948216603179,P,23.62765671733656,0.0184111015582922,23.62765671733656,0.30898017057023003,0.0184111015582922,0.005836208039191474,23.650103477091427,23.650103477091427,0.29958571081443613,0.02244675975486743,0.3049744781782377,0.30305633680648864,0.12018289201181898,2.5,8.0,0.7,0.001,200000
0.0,76.6987905678775,P,21.6365411022644,0.01805039088921089,21.6365411022644,0.36717295734349964,0.01805039088921089,0.00638549822756827,21.65797190036977,21.65797190036977,0.3567625359385075,0.02143079810537074,0.2904055981605201,0.28858538916820853,0.12018289201181898,2.5,8.0,0.7,0.001,200000
0.0,78.74809896972319,P,19.656935881337713,0.017647848601155966,19.656935881337713,0.4368761382623639,0.017647848601155966,0.006979374750377062,19.677000601571756,19.677000601571756,0.42509963898616,0.02006472023404271,0.2758309658485322,0.27406466950750813,0.12018289201181898,2.5,8.0,0.7,0.001,200000
0.0,80.79740737156888,P,17.690939160988915,0.017202180399127392,17.690939160988915,0.520187819759933,0.017202180399127392,0.007621912003271245,17.70975072889379,17.70975072889379,0.5071581681538916,0.01881156790487637,0.2611442854344553,0.2594644815690123,0.12018289201181898,2.5,8.0,0.7,0.001,200000
0.0,82.84671577341457,P,15.742098017136751,0.016707877473307226,15.742098017136751,0.6206550777528954,0.016707877473307226,0.008317291328590543,15.759568663198875,15.759568663198875,0.6062845043046483,0.017470646062124118,0.24634931041584351,0.2447535958284132,0.12018289201181898,2.5,8.0,0.7,0.001,200000
0.0,84.89602417526027,P,13.815016227823412,0.016159561885974432,13.815016227823412,0.742881690285214,0.016159561885974432,0.009070498572693923,13.830919307817478,13.830919307817478,0.7269435507689519,0.01590307999406626,0.23142742651269937,0.22989958577211467,0.12018289201181898,2.5,8.0,0.7,0.001,200000
0.0,86.94533257710597,P,11.915950485324164,0.015551729381672432,11.915950485324164,0.8931243496319642,0.015551729381672432,0.009887064769672268,11.92991828831841,11.92991828831841,0.8752509331156064,0.01396780299424627,0.2163544021230504,0.21487085659649022,0.12018289201181898,2.5,8.0,0.7,0.001,200000
0.0,88.99464097895167,P,10.054005907621015,0.014877709697019105,10.054005907621015,1.08048817377423,0.014877709697019105,0.010772928575975196,10.065217903511334,10.065217903511334,1.059858950154221,0.01121199589031896,0.20113092941285785,0.19964206063259424,0.12018289201181898,2.5,8.0,0.7,0.001,200000
0.0,91.04394938079736,P,8.240998552363147,0.014135973554260316,8.240998552363147,1.3167892203622686,0.014135973554260316,0.011734234206762017,8.249566097320379,8.249566097320379,1.2935155458089242,0.008567544957232442,0.18567857167884813,0.18420820418621178,0.12018289201181898,2.5,8.0,0.7,0.001,200000
0.0,93.09325778264305,P,6.497234556065524,0.013321084044195094,6.497234556065524,1.622333625910205,0.013321084044195094,0.012774055574181221,6.502747450629117,6.502747450629117,1.5960053009633217,0.005512894563593385,0.1700952615877959,0.16862318148193392,0.12018289201181898,2.5,8.0,0.7,0.001,200000
0.0,95.14256618448874,P,4.855588445608987,0.012430868224284734,4.855588445608987,2.0299959172994764,0.012430868224284734,0.013890280740811752,4.857616848264126,4.857616848264126,2.0001831004440347,0.0020284026551387058,0.15461803074448568,0.15311388739850143,0.12018289201181898,2.5,8.0,0.7,0.001,200000
0.0,97.19187458633445,P,3.3750652528030756,0.011465944627005316,3.3750652528030756,2.5987811263391984,0.011465944627005316,0.01506174758727135,3.373592326778169,3.373592326778169,2.565466980803864,0.0014729260249066733,0.14002860110457474,0.13845604728944008,0.12018289201181898,2.5,8.0,0.7,0.001,200000
0.0,99.24118298818013,C,2.1711041208209596,0.010422908460852977,2.1711041208209596,3.4441283962028355,0.010422908460852977,0.01620561988074733,2.165157616903099,2.165157616903099,3.4063406727744807,0.005946503917860557,0.12751011618979916,0.1272294672270882,0.12018289201181898,2.5,8.0,0.7,0.001,200000
0.0,101.29049139002584,C,1.3842546642552425,0.009323691867579854,1.3842546642552425,4.706587341482758,0.009323691867579854,0.01714504048752426,1.3756114675207745,1.3756114675207745,4.666102925237852,0.008643196734468006,0.12489342403658167,0.1244468930424919,0.12018289201181898,2.5,8.0,0.7,0.001,200000
0.0,103.33979979187153,C,0.9364957340557508,0.008292375253619701,0.9364957340557508,6.308136813128871,0.008292375253619701,0.017838046671100855,0.9268791199251029,0.9268791199251029,6.266678979487821,0.00961661413064796,0.12933818829891716,0.12875819813237618,0.12018289201181898,2.5,8.0,0.7,0.001,200000
0.0,105.38910819371722,C,0.6664730065647865,0.007396987799564516,0.6664730065647865,8.087422487483677,0.007396987799564516,0.0183689667129737,0.656743591345694,0.656743591345694,8.045851852754137,0.00972941521909243,0.13647121105604862,0.1357659723863002,0.12018289201181898,2.5,8.0,0.7,0.001,200000
0.0,107.43841659556293,C,0.4913596680254601,0.006632187057998539,0.4913596680254601,9.961617550790248,0.006632187057998539,0.018790997926704175,0.4822162546245401,0.4822162546245401,9.920632917878624,0.009143413400920009,0.14442218102958676,0.14361710980956974,0.12018289201181898,2.5,8.0,0.7,0.001,200000
0.0,109.4877249974086,C,0.37264795244104704,0.005976672944625219,0.37264795244104704,11.892214237051375,0.005976672944625219,0.019131079164451534,0.3635093757326255,0.3635093757326255,11.851234440832418,0.009138576708421553,0.15261423275397878,0.15163522485513345,0.12018289201181898,2.5,8.0,0.7,0.001,200000
0.0,111.53703339925431,C,0.2882888850231915,0.0054102961836302735,0.2882888850231915,13.857163571479465,0.0054102961836302735,0.019411722155036202,0.27966915031211576,0.27966915031211576,13.816702617257635,0.008619734711075744,0.16067668044469477,0.15955519968837023,0.12018289201181898,2.5,8.0,0.7,0.001,200000
0.0,113.5863418011,C,0.22649403805108165,0.004918128939485113,0.22649403805108165,15.84467712635283,0.004918128939485113,0.019645857150480298,0.21872349438129568,0.21872349438129568,15.805065363172442,0.0077705436697859676,0.16849262066939208,0.1672690268416944,0.12018289201181898,2.5,8.0,0.7,0.001,200000
0.0,115.6356502029457,C,0.18015676520346258,0.004487459062900605,0.18015676520346258,17.847648255350528,0.004487459062900605,0.019842981846152408,0.17339642601279892,0.17339642601279892,17.809046696649737,0.006760339190663656,0.17601798645787967,0.17473490637165304,0.12018289201181898,2.5,8.0,0.7,0.001,200000
0.0,117.6849586047914,C,0.14470339192873993,0.0041088237110464155,0.14470339192873993,19.861503283922087,0.0041088237110464155,0.02001030432024665,0.1390555741956265,0.1390555741956265,19.824014246678196,0.0056478177331134305,0.1832286485129065,0.18194205491422036,0.12018289201181898,2.5,8.0,0.7,0.001,200000
0.0,119.73426700663708,C,0.11745788246472401,0.0037741361832265645,0.11745788246472401,21.8835661763034,0.0037741361832265645,0.02015159839890427,0.11263822945668701,0.11263822945668701,21.84690530378488,0.004819653008036995,0.1902062804878589,0.1888949475343066,0.12018289201181898,2.5,8.0,0.7,0.001,200000
0.0,121.78357540848279,C,0.0963047388622133,0.003476350580747373,0.0963047388622133,23.911721434546713,0.003476350580747373,0.02027120801858595,0.09204667082567923,0.09204667082567923,23.875622146999646,0.004258068036534071,0.19697961237152375,0.19560293042526272,0.12018289201181898,2.5,8.0,0.7,0.001,200000
0.0,123.83288381032848,C,0.07953977106778364,0.0032100536625036813,0.07953977106778364,25.944264868597745,0.0032100536625036813,0.02037386971934299,0.07580322114890378,0.07580322114890378,25.908687099168546,0.003736549918879853,0.20350399667716243,0.20207470435150449,0.12018289201181898,2.5,8.0,0.7,0.001,200000
0.0,125.88219221217417,C,0.06601505437513108,0.0029712246212569653,0.06601505437513108,27.980048553750887,0.0029712246212569653,0.020463035247651626,0.06285800839379294,0.06285800839379294,27.945050288259132,0.003157045981338147,0.2097454662075581,0.20832184145539318,0.12018289201181898,2.5,8.0,0.7,0.001,200000
0.0,127.93150061401987,C,0.05520272745090022,0.002756169143814841,0.05520272745090022,30.018544628672636,0.002756169143814841,0.020539413753515937,0.05245789316815891,0.05245789316815891,29.983958574879257,0.002744834282741311,0.21581426808954016,0.21436173912765716,0.12018289201181898,2.5,8.0,0.7,0.001,200000
0.0,129.98080901586556,C,0.046419870420675406,0.0025617225165990997,0.046419870420675406,32.05907017348768,0.0025617225165990997,0.020605602355312103,0.044035750941823125,0.044035750941823125,32.024844834498616,0.0023841194788522813,0.22168179727720225,0.22020697984631918,0.12018289201181898,2.5,8.0,0.7,0.001,200000
0.0,132.03011741771127,C,0.03917787283211245,0.002385643259773987,0.03917787283211245,34.101136577745095,0.002385643259773987,0.02066358302504015,0.0371555547851607,0.0371555547851607,34.067273040187644,0.00202231804695175,0.2273195604840482,0.22586170638172035,0.12018289201181898,2.5,8.0,0.7,0.001,200000
0.0,134.07942581955695,C,0.03329109292679785,0.002225490505869688,0.03329109292679785,36.14455819968574,0.002225490505869688,0.0207135061567166,0.0315024441462521,0.0315024441462521,36.11092833139434,0.0017886487805457499,0.23283660636445475,0.231340308390748,0.12018289201181898,2.5,8.0,0.7,0.001,200000
0.0,136.12873422140265,C,0.02849433032702532,0.002079183820028611,0.02849433032702532,38.18906983893096,0.002079183820028611,0.02075645307956417,0.02683737835415111,0.02683737835415111,38.15557166744805,0.0016569519728742085,0.23826194247564733,0.23666055324896626,0.12018289201181898,2.5,8.0,0.7,0.001,200000
0.75,70.5508653623404,P,27.660764591224282,0.019070230717111,27.660764591224282,0.20684680628552832,0.019070230717111,0.004662288088330434,27.66051104136093,27.66051104136093,0.21137044539025787,0.00025354986335202057,0.330735739977989,0.3320234520262825,0.12018289201181898,2.5,8.0,0.7,0.001,200000
0.75,72.6001737641861,P,25.65140855557484,0.018789221716902088,25.65140855557484,0.24679917248215896,0.018789221716902088,0.005126762208367209,25.651681737890616,25.651681737890616,0.251849543765669,0.0002731823157766655,0.31634805155975676,0.317572223381647,0.12018289201181898,2.5,8.0,0.7,0.001,200000
0.75,74.64948216603179,P,23.64968734632261,0.018474846506098038,23.64968734632261,0.29438636507585403,0.018474846506098038,0.005628904652637036,23.650457616813945,23.650457616813945,0.2999338245346293,0.0007702704913334912,0.30198062143156584,0.30312799396664386,0.12018289201181898,2.5,8.0,0.7,0.001,200000
0.75,76.6987905678775,P,21.65776971862628,0.018120046543373913,21.65776971862628,0.35177713922480347,0.018120046543373913,0.006172744417576392,21.658424746628654,21.658424746628654,0.35720935619503563,0.0006550280023738253,0.28770390489702546,0.2886640776938745,0.12018289201181898,2.5,8.0,0.7,0.001,200000
0.75,78.74809896972319,P,19.67706304564901,0.01772512224045006,19.67706304564901,0.42037886809365654,0.01772512224045006,0.006762228709121289,19.67758765663547,19.67758765663547,0.4256806680475278,0.0005246109864600612,0.273349828725972,0.27415237875762943,0.12018289201181898,2.5,8.0,0.7,0.001,200000
0.75,80.79740737156888,P,17.71056511875803,0.017283681169118378,17.71056511875803,0.5031893430483331,0.017283681169118378,0.007401524669580977,17.710520787986443,17.710520787986443,0.5079222012442015,4.433077158694232e-05,0.2589488314119723,0.25956353228883805,0.12018289201181898,2.5,8.0,0.7,0.001,200000
0.75,82.84671577341457,P,15.761383309359877,0.016792912745749667,15.761383309359877,0.6033159354956258,0.016792912745749667,0.008095245082669476,15.760591226019686,15.760591226019686,0.6073010411232369,0.0007920833401904304,0.2444219356861501,0.2448670056339332,0.12018289201181898,2.5,8.0,0.7,0.001,200000
0.75,84.89602417526027,P,13.834541605584624,0.01624561470749907,13.834541605584624,0.7257826335661693,0.01624561470749907,0.008848566232706977,13.832299165152067,13.832299165152067,0.7283173821013076,0.002242440432556947,0.22978778702131594,0.23003179768044246,0.12018289201181898,2.5,8.0,0.7,0.001,200000
0.75,86.94533257710597,P,11.934804149193994,0.01564295654494338,11.934804149193994,0.8753535790210691,0.01564295654494338,0.009667056271432172,11.93182109352497,11.93182109352497,0.8771477123199345,0.002983055669023571,0.21487940650949727,0.21502879267110026,0.12018289201181898,2.5,8.0,0.7,0.001,200000
0.75,88.99464097895167,P,10.07217192528946,0.014974410792581307,10.07217192528946,1.0620297569624404,0.014974410792581307,0.010555725820496785,10.067918580002914,10.067918580002914,1.0625536006435166,0.004253345286546306,0.19979913573794297,0.19983702568889358,0.12018289201181898,2.5,8.0,0.7,0.001,200000
0.75,91.04394938079736,P,8.258867575941776,0.014237274544862517,8.258867575941776,1.29803380946049,0.014237274544862517,0.011520542875891096,8.253549811975756,8.253549811975756,1.2974932344619872,0.005317763966020905,0.18449413811600113,0.18445994070008442,0.12018289201181898,2.5,8.0,0.7,0.001,200000
0.75,93.09325778264305,P,6.51433832048792,0.013428605102083874,6.51433832048792,1.6028129558521094,0.013428605102083874,0.012565257992149494,6.508940760169283,6.508940760169283,1.6021925845012317,0.00539756031863714,0.16900418827236277,0.16896947859822037,0.12018289201181898,2.5,8.0,0.7,0.001,200000
0.75,95.14256618448874,P,4.873088689937293,0.01254241410709774,4.873088689937293,2.010871727147322,0.01254241410709774,0.013686567128147451,4.867954247855621,4.867954247855621,2.0105144740332497,0.005134442081672574,0.1536533654858011,0.15363533789080006,0.12018289201181898,2.5,8.0,0.7,0.001,200000
0.75,97.19187458633445,P,3.3974023835898364,0.01157374198602611,3.3974023835898364,2.584493822645561,0.01157374198602611,0.014861652893531113,3.3921130286020573,3.3921130286020573,2.583981656625413,0.005289354987779049,0.13935420872622092,0.13933003273426678,0.12018289201181898,2.5,8.0,0.7,0.001,200000
0.75,99.24118298818013,C,2.2017541626135313,0.010519217565837484,2.2017541626135313,3.438154003514871,0.010519217565837484,0.016008507377789877,2.1942047695217357,2.1942047695217357,3.435381799390799,0.0075493930917955865,0.12895636081758652,0.1286001837898919,0.12018289201181898,2.5,8.0,0.7,0.001,200000
0.75,101.29049139002584,C,1.4068277082640064,0.00941988560101153,1.4068277082640064,4.692535951011089,0.00941988560101153,0.016966904645696806,1.3972042826621611,1.3972042826621611,4.687689714376937,0.009623425601845259,0.12605787564021417,0.12556174557286734,0.12018289201181898,2.5,8.0,0.7,0.001,200000
0.75,103.33979979187153,C,0.9490149642060758,0.008390907829787575,0.9490149642060758,6.284031608798858,0.008390907829787575,0.017679996926970646,0.9382661405482188,0.9382661405482188,6.278059974108596,0.01074882365785701,0.13009106749168806,0.12944480470603403,0.12018289201181898,2.5,8.0,0.7,0.001,200000
0.75,105.38910819371722,C,0.6737445581805662,0.007499076224232621,0.6737445581805662,8.058069604618954,0.007499076224232621,0.018223586445171067,0.6631964736833214,0.6631964736833214,8.052298709089388,0.01054808449724487,0.13699604980137872,0.13623409770580497,0.12018289201181898,2.5,8.0,0.7,0.001,200000
0.75,107.43841659556293,C,0.49567810995138695,0.006739043085032991,0.49567810995138695,9.929311558235689,0.006739043085032991,0.018654596012745477,0.48619356662760055,0.48619356662760055,9.924604203879374,0.009484543323786399,0.14480031497488666,0.14396806047672767,0.12018289201181898,2.5,8.0,0.7,0.001,200000
0.75,109.4877249974086,C,0.3743530230358306,0.006091292802517235,0.3743530230358306,11.857294873165793,0.006091292802517235,0.01900352894322781,0.3661172518493987,0.3661172518493987,11.853836290946905,0.008235771186431928,0.15279567418911885,0.15191574365306312,0.12018289201181898,2.5,8.0,0.7,0.001,200000
0.75,111.53703339925431,C,0.28925078604950255,0.0055349724986572466,0.28925078604950255,13.821501038025014,0.0055349724986572466,0.019287597133907992,0.2814572080929846,0.2814572080929846,13.818484649036174,0.007793577956517972,0.16080078116380858,0.1597892484337491,0.12018289201181898,2.5,8.0,0.7,0.001,200000
0.75,113.5863418011,C,0.22721264254519385,0.005053303516048314,0.22721264254519385,15.808771296366325,0.005053303516048314,0.019523594469562162,0.21999358598467286,0.21999358598467286,15.806329428773552,0.007219056560520992,0.168604629909446,0.1674706027576195,0.12018289201181898,2.5,8.0,0.7,0.001,200000
0.75,115.6356502029457,C,0.18116263936603466,0.004633266964558719,0.18116263936603466,17.81202969503324,0.004633266964558719,0.019720300627083888,0.17432860180211643,0.17432860180211643,17.809972846436803,0.006834037563918233,0.17620655071813726,0.1749134965188129,0.12018289201181898,2.5,8.0,0.7,0.001,200000
0.75,117.6849586047914,C,0.14578481544292457,0.004265102392499572,0.14578481544292457,19.825960272955598,0.004265102392499572,0.01988798233916726,0.13975952376958994,0.13975952376958994,19.82471217024983,0.006025291673334626,0.18347159248082565,0.1821040870825846,0.12018289201181898,2.5,8.0,0.7,0.001,200000
0.75,119.73426700663708,C,0.11857906963195267,0.003940877497247653,0.11857906963195267,21.848062928989727,0.003940877497247653,0.020029689196619533,0.11317791611624826,0.11317791611624826,21.847438964442162,0.005401153515704402,0.1905065792502118,0.1890434792034966,0.12018289201181898,2.5,8.0,0.7,0.001,200000
0.75,121.78357540848279,C,0.09760545109557411,0.0036533609349819352,0.09760545109557411,23.876397712299536,0.0036533609349819352,0.02014880879144911,0.09246253800147826,0.09246253800147826,23.87603198817317,0.005142913094095855,0.19739245179923504,0.195739139773176,0.12018289201181898,2.5,8.0,0.7,0.001,200000
0.75,123.83288381032848,C,0.08119397208872678,0.003396464564857564,0.08119397208872678,25.90929463513881,0.003396464564857564,0.020249776835135607,0.07612990456534409,0.07612990456534409,25.909007756582756,0.00506406752338269,0.20412285625463222,0.20220146872235345,0.12018289201181898,2.5,8.0,0.7,0.001,200000
0.75,125.88219221217417,C,0.06798085877452317,0.0031657502630043966,0.06798085877452317,27.945389923669406,0.0031657502630043966,0.020337323773749857,0.0631230287060713,0.0631230287060713,27.945309282569163,0.004857830068451877,0.2106092324578149,0.20844315147327494,0.12018289201181898,2.5,8.0,0.7,0.001,200000
0.75,127.93150061401987,C,0.05739931671295576,0.0029576797502092384,0.05739931671295576,29.984116783454414,0.0029576797502092384,0.020412439597884868,0.05267291491927011,0.05267291491927011,29.984167570628,0.00472640179368565,0.21694187294382153,0.21447735990053263,0.12018289201181898,2.5,8.0,0.7,0.001,200000
0.75,129.98080901586556,C,0.04869042643588841,0.002769175229137322,0.04869042643588841,32.02471629502311,0.002769175229137322,0.02047840188364897,0.04420736438291841,0.04420736438291841,32.02501042193739,0.004483062052969999,0.2230386791240365,0.22031495346973493,0.12018289201181898,2.5,8.0,0.7,0.001,200000
0.75,132.03011741771127,C,0.0415865196294289,0.002597862888834186,0.0415865196294289,34.066920790061836,0.002597862888834186,0.02053558167972784,0.037298178397741646,0.037298178397741646,34.06740963779793,0.004288341231687254,0.2289888765322805,0.2259663171727954,0.12018289201181898,2.5,8.0,0.7,0.001,200000
0.75,134.07942581955695,C,0.035762801481298866,0.002441373368437127,0.035762801481298866,36.11040547375985,0.002441373368437127,0.02058523409955429,0.03162425873336659,0.03162425873336659,36.111044119979276,0.004138542747932274,0.23481337146624423,0.2314440992399466,0.12018289201181898,2.5,8.0,0.7,0.001,200000
0.75,136.12873422140265,C,0.0308987571307089,0.00229789123447472,0.0308987571307089,38.15484983125488,0.00229789123447472,0.020629022919093735,0.026936171429962817,0.026936171429962817,38.15566443452153,0.003962585700746084,0.24047105491515097,0.2367579955580905,0.12018289201181898,2.5,8.0,0.7,0.001,200000
1.5,70.5508653623404,P,27.680096726484397,0.019166976112354232,27.680096726484397,0.21006924727014437,0.019166976112354232,0.0047095642787019654,27.661212062849405,27.661212062849405,0.21206881934246558,0.018884663634992194,0.3316547212950059,0.3322208067510934,0.12018289201181898,2.5,8.0,0.7,0.001,200000
1.5,72.6001737641861,P,25.67140142803274,0.0188825782805833,25.67140142803274,0.2506823506641243,0.0188825782805833,0.005176376505000789,25.65257936960577,25.65257936960577,0.25274452794457364,0.018822058426970045,0.31729055197796646,0.31778770320770844,0.12018289201181898,2.5,8.0,0.7,0.001,200000
1.5,74.64948216603179,P,23.67070623772975,0.018562676160771736,23.67070623772975,0.2992955622064611,0.018562676160771736,0.005681721285963992,23.65161340618249,23.65161340618249,0.30108696636692683,0.01909283154725827,0.3029965766898725,0.30336503783527025,0.12018289201181898,2.5,8.0,0.7,0.001,200000
1.5,76.6987905678775,P,21.679314552095637,0.018205976962210327,21.679314552095637,0.3572122784179531,0.018205976962210327,0.006229082817634361,21.659925149070112,21.659925149070112,0.3587071111001837,0.019389403025524388,0.2886645921508744,0.28892746990179297,0.12018289201181898,2.5,8.0,0.7,0.001,200000
1.5,78.74809896972319,P,19.69902054995802,0.017810102782889754,19.69902054995802,0.4262266781261986,0.017810102782889754,0.006821874280368905,19.679557213183166,19.679557213183166,0.42764757705895523,0.019463336774855122,0.2742347476376961,0.27444885394874696,0.12018289201181898,2.5,8.0,0.7,0.001,200000
1.5,80.79740737156888,P,17.73223230535742,0.01737187351858916,17.73223230535742,0.50874683537132,0.01737187351858916,0.007463646512177011,17.71314243198568,17.71314243198568,0.5105411977072111,0.019089873371740396,0.2596703615336318,0.25990253816370334,0.12018289201181898,2.5,8.0,0.7,0.001,200000
1.5,82.84671577341457,P,15.782743217605928,0.01688452066356559,15.782743217605928,0.6085661494654708,0.01688452066356559,0.008158718012024202,15.76414280889324,15.76414280889324,0.6108499764604115,0.018600408712687866,0.2450080326557076,0.24526230006696653,0.12018289201181898,2.5,8.0,0.7,0.001,200000
1.5,84.89602417526027,P,13.855120523439815,0.016343057203470318,13.855120523439815,0.730251857145102,0.016343057203470318,0.008912201242423036,13.83722097839003,13.83722097839003,0.73323654780297,0.01789954504978475,0.23021779713921178,0.23050439453262767,0.12018289201181898,2.5,8.0,0.7,0.001,200000
1.5,86.94533257710597,P,11.956045218803002,0.015740475429950926,11.956045218803002,0.8804849543540045,0.015740475429950926,0.009729663825420981,11.938842952080899,11.938842952080899,0.8841669233395966,0.017202266722103232,0.21530638011177458,0.21561221586046045,0.12018289201181898,2.5,8.0,0.7,0.001,200000
1.5,88.99464097895167,P,10.094407370191968,0.015071255459346145,10.094407370191968,1.0681555075885505,0.015071255459346145,0.010617597752590545,10.078301990200156,10.078301990200156,1.0729343633045094,0.01610537999181183,0.2002418692228522,0.20058673455195375,0.12018289201181898,2.5,8.0,0.7,0.001,200000
1.5,91.04394938079736,P,8.282944410504527,0.014331488527480923,8.282944410504527,1.3060009497468554,0.014331488527480923,0.011581588561204583,8.26953687848018,8.26953687848018,1.3134776534301915,0.01340753202434719,0.18499776186761216,0.185469729445173,0.12018289201181898,2.5,8.0,0.7,0.001,200000
1.5,93.09325778264305,P,6.546535807460984,0.013503464251912735,6.546535807460984,1.6189007485489189,0.013503464251912735,0.012624366782391637,6.534476293938024,6.534476293938024,1.627725470733759,0.012059513522959975,0.16990354115606363,0.1703962555433748,0.12018289201181898,2.5,8.0,0.7,0.001,200000
1.5,95.14256618448874,P,4.920274171101916,0.01258243313072098,4.920274171101916,2.0419475140356123,0.01258243313072098,0.013744565784468827,4.909226928217327,4.909226928217327,2.0517845068587337,0.01104724288458847,0.15522052667350825,0.15571621315212594,0.12018289201181898,2.5,8.0,0.7,0.001,200000
1.5,97.19187458633445,P,3.4639895534929352,0.011568143881168256,3.4639895534929352,2.6349712982723053,0.011568143881168256,0.014919889102116087,3.454607898262581,3.454607898262581,2.64647387874973,0.00938165523035428,0.14173671064757778,0.14227956831320135,0.12018289201181898,2.5,8.0,0.7,0.001,200000
1.5,99.24118298818013,C,2.2773862198772097,0.010469516549677963,2.2773862198772097,3.4976763665023256,0.010469516549677963,0.016075878075905606,2.266818639641509,2.266818639641509,3.507993021974355,0.010567580235700813,0.1325230349121741,0.13202485787115786,0.12018289201181898,2.5,8.0,0.7,0.001,200000
1.5,101.29049139002584,C,1.4571298249664173,0.009344863698977515,1.4571298249664173,4.726728373437185,0.009344863698977515,0.017073348815047743,1.4470968697139321,1.4470968697139321,4.737579653892406,0.010032955252485154,0.12864408142987868,0.12812918084037042,0.12018289201181898,2.5,8.0,0.7,0.001,200000
1.5,103.33979979187153,C,0.9736214831050236,0.008291506096867393,0.9736214831050236,6.29252843342149,0.008291506096867393,0.017823743776807167,0.9652045947155232,0.9652045947155232,6.304995780739624,0.008416888389500388,0.13156390057696732,0.131061122309845,0.12018289201181898,2.5,8.0,0.7,0.001,200000
1.5,105.38910819371722,C,0.6858019849667503,0.0073735915322615505,0.6858019849667503,8.054017337128892,0.0073735915322615505,0.018387384031877892,0.6787481571112525,0.6787481571112525,8.067847744981174,0.007053827855497796,0.13786219766809268,0.13735610198199377,0.12018289201181898,2.5,8.0,0.7,0.001,200000
1.5,107.43841659556293,C,0.5013257614566686,0.006590271495972029,0.5013257614566686,9.918849515464428,0.006590271495972029,0.018829311078213857,0.49591478205335543,0.49591478205335543,9.934322771768949,0.005410979403313199,0.14529284728283365,0.14482100023156222,0.12018289201181898,2.5,8.0,0.7,0.001,200000
1.5,109.4877249974086,C,0.37713198844609613,0.0059206916645524335,0.37713198844609613,11.843964144299544,0.0059206916645524335,0.01918276413734681,0.3725647413152135,0.3725647413152135,11.860281132876507,0.0045672471308826346,0.1530905856238821,0.1526053683261177,0.12018289201181898,2.5,8.0,0.7,0.001,200000
1.5,111.53703339925431,C,0.28974983607855614,0.005344309209229851,0.28974983607855614,13.805890393777945,0.005344309209229851,0.019471421233169466,0.2859258277225005,0.2859258277225005,13.822950621129507,0.0038240083560556193,0.16086508534521884,0.1603709251923109,0.12018289201181898,2.5,8.0,0.7,0.001,200000
1.5,113.5863418011,C,0.22642128528016986,0.004844500727511405,0.22642128528016986,15.791870244825136,0.004844500727511405,0.01970977191403905,0.22319840622144926,0.22319840622144926,15.809531601474108,0.0032228790587205958,0.16848127004968758,0.16797647123185974,0.12018289201181898,2.5,8.0,0.7,0.001,200000
1.5,115.6356502029457,C,0.17925978600282874,0.004408046845177797,0.17925978600282874,17.79401714739332,0.004408046845177797,0.019909095334161846,0.1766915886678139,0.1766915886678139,17.81233318576622,0.0025681973350148435,0.175849333000092,0.1753637906488317,0.12018289201181898,2.5,8.0,0.7,0.001,200000
1.5,117.6849586047914,C,0.14359437942757045,0.004024524382280877,0.14359437942757045,19.807660142664073,0.004024524382280877,0.02007637928470932,0.14154088257998876,0.14154088257998876,19.82649088152406,0.0020534968475816873,0.18297838948640857,0.18251196136371448,0.12018289201181898,2.5,8.0,0.7,0.001,200000
1.5,119.73426700663708,C,0.11609852283395097,0.003685570994765562,0.11609852283395097,21.829472687915935,0.003685570994765562,0.0202181446961014,0.11454367438954925,0.11454367438954925,21.848802075179282,0.0015548484444017213,0.18983982403705907,0.18941742501537434,0.12018289201181898,2.5,8.0,0.7,0.001,200000
1.5,121.78357540848279,C,0.09482332087544099,0.0033842478157385916,0.09482332087544099,23.857505887803384,0.0033842478157385916,0.02033777039918513,0.0935246996578884,0.0935246996578884,23.87709150229338,0.0012986212175525869,0.19650510515287695,0.19608527688627134,0.12018289201181898,2.5,8.0,0.7,0.001,200000
1.5,123.83288381032848,C,0.07775516894850819,0.0031154172196127244,0.07775516894850819,25.88974613772154,0.0031154172196127244,0.020441724232719137,0.07696871235179378,0.07696871235179378,25.90984391683294,0.0007864565967144049,0.2028269250773346,0.20252534235200625,0.12018289201181898,2.5,8.0,0.7,0.001,200000
1.5,125.88219221217417,C,0.06403276779182672,0.0028753975448495314,0.06403276779182672,27.925332138411115,0.0028753975448495314,0.020531713689575393,0.06379457089343643,0.06379457089343643,27.945978177220336,0.0002381968983902888,0.20885701489352287,0.20874903284311416,0.12018289201181898,2.5,8.0,0.7,0.001,200000
1.5,127.93150061401987,C,0.0530093960646702,0.00266068766877794,0.0530093960646702,29.96361716853031,0.00266068766877794,0.02060916688692528,0.053214136198547375,0.053214136198547375,29.984706144371128,0.0002047401338771751,0.21465765060234213,0.21476697340351134,0.12018289201181898,2.5,8.0,0.7,0.001,200000
1.5,129.98080901586556,C,0.044137074581281,0.002468093130670346,0.044137074581281,32.004053248890784,0.002468093130670346,0.02067567225945474,0.04464668515902804,0.04464668515902804,32.02544709517727,0.0005096105777470383,0.22027076444273613,0.22059004820107525,0.12018289201181898,2.5,8.0,0.7,0.001,200000
1.5,132.03011741771127,C,0.036977026713023387,0.002294710934908895,0.036977026713023387,34.046201602869466,0.002294710934908895,0.02073271801475163,0.03766013425082648,0.03766013425082648,34.067768946114775,0.000683107537803096,0.22573036315973208,0.2262305501813086,0.12018289201181898,2.5,8.0,0.7,0.001,200000
1.5,134.07942581955695,C,0.031159837287729298,0.00213812851555448,0.031159837287729298,36.089692815290135,0.00213812851555448,0.020781806736337016,0.03192429732886553,0.03192429732886553,36.11134151103844,0.0007644600411362314,0.2310468562874146,0.2316985383060259,0.12018289201181898,2.5,8.0,0.7,0.001,200000
1.5,136.12873422140265,C,0.026465686223233725,0.0019959988291431063,0.026465686223233725,38.134307066070136,0.0019959988291431063,0.020823641917827065,0.027184473139839075,0.027184473139839075,38.15591008869515,0.0007187869166053497,0.2362916141782572,0.2370017725738361,0.12018289201181898,2.5,8.0,0.7,0.001,200000
3.0,70.5508653623404,P,27.662491930455094,0.019847285210495468,27.662491930455094,0.22082621849665945,0.019847285210495468,0.004817165571073149,27.666759577192813,27.666759577192813,0.21761536339234835,0.0042676467377198435,0.3346639407500802,0.333774869794395,0.12018289201181898,2.5,8.0,0.7,0.001,200000
3.0,72.6001737641861,P,25.656680218981975,0.019553291012933887,25.656680218981975,0.2643229088689129,0.019553291012933887,0.005296993739355697,25.660017036685808,25.660017036685808,0.26018122473106525,0.0033368177038326507,0.32053731786724904,0.31956172174480957,0.12018289201181898,2.5,8.0,0.7,0.001,200000
3.0,74.64948216603179,P,23.65956792364519,0.01922178507059886,23.65956792364519,0.31651901537831223,0.01922178507059886,0.0058173643084749255,23.66161333102166,23.66161333102166,0.3110859209126232,0.002045407376467523,0.30649094142358824,0.3054000572743151,0.12018289201181898,2.5,8.0,0.7,0.001,200000
3.0,76.6987905678775,P,21.67248233103695,0.01885185111075815,21.67248233103695,0.3787418246150684,0.01885185111075815,0.006382060711992742,21.673401366889156,21.673401366889156,0.372182358625797,0.000919035852206207,0.29239718081686145,0.2912719011490609,0.12018289201181898,2.5,8.0,0.7,0.001,200000
3.0,78.74809896972319,P,19.697627225171054,0.018439488721190996,19.697627225171054,0.4531951205951001,0.018439488721190996,0.0069944462659464034,19.69775095437684,19.69775095437684,0.44584034795914396,0.00012372920578584967,0.27824022254596137,0.2771597667809591,0.12018289201181898,2.5,8.0,0.7,0.001,200000
3.0,80.79740737156888,P,17.738652083781385,0.017976015371889385,17.738652083781385,0.5435283810516147,0.017976015371889385,0.0076585857344695215,17.737730515513906,17.737730515513906,0.5351283109419318,0.0009215682674792447,0.26410541929638903,0.2630466130005845,0.12018289201181898,2.5,8.0,0.7,0.001,200000
3.0,82.84671577341457,P,15.799388936916312,0.017456269708115535,15.799388936916312,0.6535736360315427,0.017456269708115535,0.008379954981712205,15.797371017384759,15.797371017384759,0.6440772146584782,0.0020179195315535026,0.2499459691430646,0.2489164934779639,0.12018289201181898,2.5,8.0,0.7,0.001,200000
3.0,84.89602417526027,P,13.885194627015528,0.01687351643900956,13.885194627015528,0.7886877279766569,0.01687351643900956,0.00916401789968907,13.882054271508538,13.882054271508538,0.7780688706279408,0.003140355506989323,0.23574880427176317,0.23475586285386016,0.12018289201181898,2.5,8.0,0.7,0.001,200000
3.0,86.94533257710597,P,12.002762515665701,0.016222685402317846,12.002762515665701,0.955564018472537,0.016222685402317846,0.010016784898909418,11.999096702954287,11.999096702954287,0.944419703919423,0.003665812711414418,0.2214586700153733,0.2205562102170211,0.12018289201181898,2.5,8.0,0.7,0.001,200000
3.0,88.99464097895167,P,10.161499542374873,0.015498436607085837,10.161499542374873,1.1636094470273504,0.015498436607085837,0.01094366746418206,10.15865113043698,10.15865113043698,1.1532825332477612,0.002848411937893758,0.20704806508078893,0.20631972544796626,0.12018289201181898,2.5,8.0,0.7,0.001,200000
3.0,91.04394938079736,P,8.376020388240594,0.014692155638179742,8.376020388240594,1.4274386947387157,0.014692155638179742,0.011949207649711066,8.375141302065693,8.375141302065693,1.4190811067222442,0.000879086174901289,0.19258952356166512,0.19207186528013595,0.12018289201181898,2.5,8.0,0.7,0.001,200000
3.0,93.09325778264305,P,6.667560920577542,0.013797663916161074,6.667560920577542,1.7682876289214498,0.013797663916161074,0.013035658046542158,6.669612934003678,6.669612934003678,1.762861140505878,0.0020520134261357015,0.17818945030668076,0.1778904024925191,0.12018289201181898,2.5,8.0,0.7,0.001,200000
3.0,95.14256618448874,P,5.068732379173138,0.012812685196857002,5.068732379173138,2.218767489362761,0.012812685196857002,0.014197792231306279,5.073678169898229,5.073678169898229,2.2162347782461445,0.004945790725090937,0.16410346725075067,0.16397661268231367,0.12018289201181898,2.5,8.0,0.7,0.001,200000
3.0,97.19187458633445,P,3.629903986788208,0.01174484582693221,3.629903986788208,2.8292474988235075,0.01174484582693221,0.015413152497726774,3.63606362509309,3.63606362509309,2.827928635286698,0.006159638304881643,0.15090292517739876,0.15084071632973114,0.12018289201181898,2.5,8.0,0.7,0.001,200000
3.0,99.24118298818013,C,2.4246992413085158,0.010623789670088651,2.4246992413085158,3.6733511551895988,0.010623789670088651,0.01662146458000202,2.4315733603377683,2.4315733603377683,3.6727467723770886,0.006874119029252501,0.1394623419708314,0.13978592517589436,0.12018289201181898,2.5,8.0,0.7,0.001,200000
3.0,101.29049139002584,C,1.5492928122135872,0.009495954837673844,1.5492928122135872,4.847253127940278,0.009495954837673844,0.017689954115165538,1.555797532910286,1.555797532910286,4.8462793467952805,0.006504720696698829,0.13335368886762825,0.13368476932354198,0.12018289201181898,2.5,8.0,0.7,0.001,200000
3.0,103.33979979187153,C,1.020502406840154,0.008434189131286884,1.020502406840154,6.367771124412497,0.008434189131286884,0.018495594769102904,1.026005269343409,1.026005269343409,6.365795485074082,0.005502862503254935,0.1343457720539618,0.13467032049845243,0.12018289201181898,2.5,8.0,0.7,0.001,200000
3.0,105.38910819371722,C,0.7094456508835172,0.00750752026110973,0.7094456508835172,8.106022770301685,0.00750752026110973,0.019087566127055096,0.7149557420252758,0.7149557420252758,8.104054359601715,0.0055100911417586,0.13954624950823835,0.1399360656645988,0.12018289201181898,2.5,8.0,0.7,0.001,200000
3.0,107.43841659556293,C,0.5137889809676841,0.006720849076449595,0.5137889809676841,9.959674502231533,0.006720849076449595,0.01954135042335458,0.5191260996002689,0.5191260996002689,9.957533119022308,0.005337118632584792,0.14637198290925424,0.1468309096708823,0.12018289201181898,2.5,8.0,0.7,0.001,200000
3.0,109.4877249974086,C,0.3835894448617889,0.006053447372447393,0.3835894448617889,11.87878336797111,0.006053447372447393,0.019899646795132668,0.3882792157201485,0.3882792157201485,11.875994636987915,0.004689770858359588,0.15377207237977872,0.15426374728632491,0.12018289201181898,2.5,8.0,0.7,0.001,200000
3.0,111.53703339925431,C,0.29402183570846013,0.005482500656053659,0.29402183570846013,13.838524160663829,0.005482500656053659,0.020185634867677937,0.2970053053425305,0.2970053053425305,13.83402912845601,0.002983469634070368,0.16141329829605103,0.16179380629201537,0.12018289201181898,2.5,8.0,0.7,0.001,200000
3.0,113.5863418011,C,0.22996201472023564,0.004989109700872569,0.22996201472023564,15.823772741520933,0.004989109700872569,0.020418768094982963,0.23125837520286763,0.23125837520286763,15.81759060016198,0.0012963604826319863,0.1690314343571967,0.16923173082149237,0.12018289201181898,2.5,8.0,0.7,0.001,200000
3.0,115.6356502029457,C,0.1823546471060092,0.0045593766636355,0.1823546471060092,17.82547377575264,0.0045593766636355,0.02061340575405292,0.18270184094132316,0.18270184094132316,17.81834246774621,0.00034719383531395254,0.17642924358709652,0.1764939522029798,0.12018289201181898,2.5,8.0,0.7,0.001,200000
3.0,117.6849586047914,C,0.14629116402081746,0.004182755996604357,0.14629116402081746,19.838718694513236,0.004182755996604357,0.02077710926296385,0.1461119481418937,0.1461119481418937,19.83106097679249,0.00017921587892374968,0.183584978896081,0.18354487369147882,0.12018289201181898,2.5,8.0,0.7,0.001,200000
3.0,119.73426700663708,C,0.11856459152507147,0.003851102323187876,0.11856459152507147,21.860300523862517,0.003851102323187876,0.020915459831185288,0.11807739724241227,0.11807739724241227,21.85233482773866,0.00048719428265919795,0.1905027125403349,0.19037242725328937,0.12018289201181898,2.5,8.0,0.7,0.001,200000
3.0,121.78357540848279,C,0.09699371551719703,0.0035573517660135567,0.09699371551719703,23.888038049700864,0.0035573517660135567,0.021032864559152497,0.09629699290761247,0.09629699290761247,23.879862825249532,0.0006967226095845602,0.19719872536354108,0.19697714333326585,0.12018289201181898,2.5,8.0,0.7,0.001,200000
3.0,123.83288381032848,C,0.08013942202393402,0.003295661675252911,0.08013942202393402,25.920492158053108,0.003295661675252911,0.021132253366059547,0.07917241702045871,0.07917241702045871,25.91204665120805,0.0009670050034753103,0.20372928903971313,0.2033654354618473,0.12018289201181898,2.5,8.0,0.7,0.001,200000
3.0,125.88219221217417,C,0.06646718708344534,0.0030616284158483916,0.06646718708344534,27.956128324958566,0.0030616284158483916,0.02121911499306691,0.06556385933240064,0.06556385933240064,27.947746495365763,0.000903327751044708,0.20994562418560236,0.2095448153870818,0.12018289201181898,2.5,8.0,0.7,0.001,200000
3.0,127.93150061401987,C,0.05552001322773952,0.0028521762910060323,0.05552001322773952,29.99448955294849,0.0028521762910060323,0.02129361916729867,0.054646473629196515,0.054646473629196515,29.98613751150826,0.0008735395985430064,0.21597899468025475,0.21552392389383213,0.12018289201181898,2.5,8.0,0.7,0.001,200000
3.0,129.98080901586556,C,0.04674894990448737,0.00266351479699076,0.04674894990448737,32.035026891470345,0.00266351479699076,0.021357334338389135,0.045818085629544904,0.045818085629544904,32.026617525354254,0.0009308642749424681,0.22188123920952793,0.22131454945709333,0.12018289201181898,2.5,8.0,0.7,0.001,200000
3.0,132.03011741771127,C,0.03953500275797978,0.0024931818773850536,0.03953500275797978,34.077121346170635,0.0024931818773850536,0.021413027356481564,0.03862640142559811,0.03862640142559811,34.068734242996015,0.0009086013323816727,0.22757150863605038,0.22692733740674623,0.12018289201181898,2.5,8.0,0.7,0.001,200000
3.0,134.07942581955695,C,0.03369026555496983,0.0023387101558931117,0.03369026555496983,36.120585010812896,0.0023387101558931117,0.02146083427129862,0.03272437280303901,0.03272437280303901,36.112140616219236,0.0009658927519308191,0.2331627183678202,0.23236882142958118,0.12018289201181898,2.5,8.0,0.7,0.001,200000
3.0,136.12873422140265,C,0.028819026640071032,0.0021982585461969052,0.028819026640071032,38.16502217374334,0.0021982585461969052,0.021502906108987443,0.027852019260328455,0.027852019260328455,38.15657666452208,0.0009670073797425766,0.238567871207003,0.23764931454864974,0.12018289201181898,2.5,8.0,0.7,0.001,200000
